id_farma;nombre;apellido
;Gisela;Alfonsetti
;Edythe;Navarre
;Fran;Madeley
;Yvor;Elgey
;Roseline;Bravey
;Grier;Calderwood
;Malia;De Stoop
;Hatti;Heinsius
;Fredra;Radoux
;Coriss;Akid
;Kiah;Guly
;Gardener;Benezet
;Lorita;Stammers
;Donal;Limbourne
;Waylan;Howkins
;Dede;Garton
;Othilia;Lovie
;Bren;Leak
;Morry;Purselowe
;Cazzie;Aberdeen
;Meaghan;McMullen
;Joya;McDougal
;Mata;Calvie
;Devland;Schultze
;Hill;Derl
;Clayborne;Luney
;Hurlee;McKevany
;Keely;Pedycan
;Robbi;Sweed
;Fran;Burl
;Xaviera;Varnals
;Marylee;Lathwood
;Thomasin;Danson
;Kaitlin;Hacket
;Ezmeralda;Vittel
;Dorotea;Rodolico
;Angelika;Shakespear
;Wallache;Hanwell
;Brier;Farens
;Rey;Bedenham
;Emmy;Stallwood
;Edd;Pandey
;Maryl;Caldeyroux
;Laure;Colegate
;Monica;Norrey
;Flora;Weymouth
;Gui;Wilfinger
;Lanie;Berlin
;Sara;O'Kynsillaghe
;Barde;Huyhton
;Kara-lynn;Paradine
;Kristien;Heintzsch
;Callie;Izsak
;Cynthie;Gillino
;Shayla;Dingsdale
;Rubina;Schettini
;Polly;Shuard
;Jule;Gard
;Vernen;Ronaghan
;Crin;D'Ambrogio
;Alonso;Nicol
;Renie;Kennedy
;Britte;Greally
;Ardelis;Gunnell
;Leanna;Leed
;Kienan;Streat
;Saleem;Pridden
;Gaye;Izkovici
;Odetta;Oguz
;Efren;Dickman
;Kennedy;Switzer
;Selina;Shropsheir
;Mindy;Lambard
;Barnebas;Howell
;Dorry;Wilstead
;Hetti;Gajewski
;Marietta;Spradbrow
;Rosy;Decent
;Harris;McLoney
;Kevon;Franzke
;Shandeigh;Antonat
;Forrest;Brimilcome
;Ludvig;O' Hogan
;Tobye;Matthew
;Doris;Neild
;Corby;Mauvin
;Sophi;Fulcher
;Marin;Colpus
;Gaspard;Riehm
;Sonnie;Tabner
;Bee;Mucklo
;Dew;Awcock
;Karoly;Cominotti
;Gilburt;Dunan
;Ashlin;Alders
;Victor;Knoller
;Charmion;January
;Nollie;Healings
;Curr;Pavy
;Ewart;Simison
;Raychel;Giottini
;Freddi;Striker
;Mathian;Riccardelli
;Hadria;Noulton
;Beryl;Kimmons
;Emerson;Mardell
;Casi;Shute
;Glennie;Savin
;Pedro;Crighton
;Augustina;Winpenny
;Jason;Seefus
;Joli;Birchwood
;Sky;Rought
;Sayre;Lightman
;Blinny;Grishanin
;Harold;Berka
;Janie;Lafflina
;Felecia;Blazewicz
;Elia;Rowcastle
;Blake;Helstrip
;Farrah;Millington
;Hussein;Sturgeon
;Antonina;Griffith
;Jeff;Laffling
;Hinda;Duiged
;Georas;Timms
;Arleyne;Killeley
;Teena;Patemore
;Verna;Willimont
;Jean;Dahlback
;Frederich;Fechnie
;Poul;Placide
;Morganne;Heminsley
;Lisha;Baily
;Jania;O'Mailey
;Brianna;Bowhay
;Xenia;Haddy
;Frank;Roisen
;Enid;Ogdahl
;Briant;McEntee
;Lola;Andrey
;Kara-lynn;Stainburn
;Louise;Deverell
;Crysta;Hallor
;Ethyl;Rosewarne
;Cos;Yakob
;Alair;Bloschke
;Veradis;Conibere
;Jarrid;Winkless
;Marlowe;O' Flaherty
;Herrick;Hargraves
;Roshelle;Collington
;Gilbertina;Hyman
;Sharai;Brabbs
;Jacintha;Welfare
;Alleen;Allardyce
;Alonzo;Kabos
;Esmeralda;Giraldez
;Yancey;Abramov
;Adela;Dunphie
;Myrta;Luscott
;Merola;Rawstorne
;Farr;Bales
;Luther;Learoid
;Rosalynd;Ingarfield
;Ansel;Hunsworth
;Yank;McCreadie
;Brynn;Derr
;Reagen;Harm
;Dix;Bushe
;Amitie;Grube
;Lorenzo;Walesa
;Marisa;Canning
;Kial;May
;Major;Daspar
;Gaylene;McAllester
;Cordey;McRorie
;Ramsay;Claricoats
;Link;Sharpin
;Julie;Rime
;Raynell;Crinion
;Addie;Swiggs
;Dniren;Southernwood
;Nico;Bennoe
;Sarena;Dumpleton
;Catrina;Gladdor
;Wyatan;MacCoughan
;Burke;McKerlie
;Starr;Broadfoot
;Myrtie;Hawkslee
;Vasili;Bernocchi
;Isabelle;Agiolfinger
;Ralina;Flory
;Yoshiko;Oliveras
;Lelia;Jaouen
;Dagny;Cheltnam
;Erskine;Brook
;Sheffie;Scarlin
;Menard;Standing
;Britney;Freed
;Reeta;Rawcliffe
;Avril;Hassell
;Darline;Dalliwatr
;Johnathon;Jado
;Guy;Mc Ilory
;Derron;Gammill
;Sigfried;Brisbane
;Claus;Kunz
;Shayla;Mellodey
;Gilli;Gladtbach
;Suzi;Quigley
;Gilbert;Fernando
;Sly;Iacovielli
;Hestia;Asling
;Zonnya;Gravenell
;Hallie;Akerman
;Dov;Rocca
;Ambrosi;Andreazzi
;Heidi;Hillborne
;Bryna;McCane
;Michaela;Bryant
;Dotti;Ridel
;Karena;Hablot
;Gerome;Morin
;Ophelie;D'Alesco
;Leicester;McNeil
;Adelaide;Petschelt
;Bryna;Rubertelli
;Lyman;Aluard
;Boycey;Maskell
;Sonnie;Giraudoux
;Rivi;Quinlan
;Willie;Basden
;Jessika;Godsell
;Gerald;Lovat
;Iver;Tolley
;Moyna;Sawbridge
;Ophelia;Pritchett
;Mackenzie;Riggert
;Bianka;McGilleghole
;Jesse;Liddington
;Trixi;Buckwell
;Jarad;Francesconi
;Quillan;Kohneke
;Elroy;Salatino
;Sibella;Monelli
;Nancey;Ayree
;Nye;Barus
;Edwina;Cast
;Farica;Ferrillio
;Carmelle;Goodrich
;Camey;Nussey
;Susi;Hartgill
;Lyndy;Rodenburg
;Fleming;Hayhurst
;Morty;Plott
;Carlin;Ransley
;Ketti;Austen
;Emelyne;Dalman
;Leela;Titcumb
;Timmi;Jakoub
;Novelia;Letterick
;Ula;Humpatch
;Gallard;Mothersdale
;Delora;Downton
;Ambur;Tomczykiewicz
;Arlen;Herkess
;Shay;Fudger
;Mark;Bovis
;Irena;Feige
;Herman;Carreyette
;Camila;Row
;Padraic;Houseman
;August;Treacher
;Kara;Baroux
;Napoleon;Learmonth
;Lavinia;Boydle
;Joete;Ganford
;Susie;Darko
;Marilee;Opie
;Sondra;Niblock
;Florian;Tulley
;Arman;Wicklen
;Wilie;Fone
;Engracia;Putman
;Bill;Bottrell
;Herbert;Woolward
;Rinaldo;Ferentz
;Merlina;Nudde
;Pancho;Aleevy
;Axel;Bycraft
;Alberik;Lakenton
;Hyatt;Stratiff
;Jaymie;Pollock
;Lari;Mathelin
;Avie;Cammomile
;Rheba;Dash
;Dar;Leads
;Keeley;Kelner
;Karon;Kondrat
;Natty;McCambrois
;Granville;Houndsom
;Lyndsay;Paris
;Devlin;Stango
;Herman;Pawlata
;Herta;Bullon
;Jacky;Dumbreck
;Phyllis;Vlasov
;Abba;Caudle
;Bone;Todman
;Gilli;Laurant
;Burtie;Blanden
;Bryn;Perroni
;Nickolaus;Yuille
;Xylina;Florey
;Bekki;Wallace
;Kelcey;Dagwell
;Melisent;Ferbrache
;Cristen;Duer
;Laure;Etchells
;Dallas;Grigoliis
;Andrea;Veld
;Aurelia;Ducarne
;Theodora;Touret
;Karoly;Maylott
;Brandise;Gartland
;Luigi;Lefeaver
;Elisabet;Harral
;Pierre;Janous
;Nelli;Ravenhills
;Patton;Monkman
;Toni;Guillond
;Orion;Garnsey
;Rona;Strachan
;Bo;Jebb
;Malva;Durdle
;Alfi;Brusin
;Evonne;Bellenie
;Lydie;Punchard
;Thaddus;Bennedick
;Randa;Sterman
;Adrien;Tours
;Gus;Colnet
;Hugibert;Tourot
;Garek;Juanes
;Jo;Shee
;Aeriel;Lippitt
;Araldo;Pedican
;Aurelie;Duncklee
;Dame;Davidowich
;Odelia;Salandino
;Augusta;Francois
;Paxton;Tassaker
;Eberhard;Poppleton
;Guinna;Keaveney
;Guinevere;Fussell
;Beitris;Trustram
;Cordell;Snel
;Daryl;Keary
;Daile;Jurasz
;Ferd;Viccary
;Artemus;Jurzyk
;Eugen;Zanetti
;Rosabel;Coulling
;Layne;Rosson
;Frank;Gear
;Matilde;Harrop
;Aubert;Bolduc
;Nikkie;Tolwood
;Bevvy;Tunstall
;Adrianna;Sleicht
;Marmaduke;Baseggio
;Cull;Rains
;Davy;Clew
;Lanita;Essel
;Jacqui;Jacop
;Joeann;Wardlaw
;Heida;Caines
;Frances;Drejer
;Nils;Brechin
;Cristie;Billyeald
;Saxon;Opfer
;Jaime;McGriele
;Fanny;Braidwood
;Alyda;Keelan
;Anett;Hamshar
;Bailey;Cade
;Caitrin;Hatchette
;Aurea;Scrivinor
;Doreen;Reisin
;Diana;Bickerdike
;Anabella;Freeman
;Fredek;Littley
;Fredra;Garley
;Daveta;Goding
;Meryl;Durbann
;Donella;Pirie
;Nanete;Sheircliffe
;Britteny;Hearse
;Nickolaus;Allardyce
;Waneta;Marner
;Matteo;Kepling
;Chrissy;Stood
;Nolan;Faldoe
;Killy;Knoller
;Merci;Millimoe
;Kylila;Delagua
;Laurice;Mingus
;Glenna;Janse
;Jeff;Goolden
;Bev;Garatty
;Tanner;Adshed
;Dolli;Mateiko
;Linn;Naul
;Meryl;Kinane
;Heywood;Liptrot
;Jsandye;Matura
;Tanitansy;Hintze
;Port;Littlefair
;Georas;Beagan
;Adoree;Farndon
;Beret;Christophersen
;Mordy;Juanico
;Bellina;Cressey
;Layton;Peek
;Honor;Dobble
;Leonanie;Kirstein
;King;Senner
;Terence;Neasham
;Rayner;MacCaughen
;Jessey;Playfair
;Jobie;Volkes
;Yankee;Gabbitis
;Marcille;Lambotin
;Tracy;Vitet
;Maximilien;Roche
;Ignace;Mees
;Pepe;Lys
;Madelaine;Bissatt
;Rahel;Barras
;Cyrille;Dirand
;Bradney;Tillot
;Stepha;Maciak
;Lana;Herrema
;Carrol;Bellchamber
;Salvidor;Kliner
;Becca;Mosley
;Elston;Churches
;Bryon;Ruslen
;Hunter;Kirton
;Drucie;Baribal
;Agnes;Tales
;Marlo;Hast
;Palmer;Eilers
;Jerrie;Monkhouse
;Gradey;Cullingford
;Zed;Nealey
;Melisandra;Kamall
;Caldwell;Jarvis
;Geoff;Swannack
;Haskel;Labro
;Dougy;Pudsey
;Cori;Amorine
;Rayshell;Scoines
;Rudd;Friedank
;Melinde;Chatainier
;Constantino;Staite
;Joe;Twidale
;Knox;Epple
;Barr;McCurtin
;Yurik;Hrynczyk
;Leo;Burbidge
;Brittni;Hedau
;Gwyn;Mowsdale
;Blondy;Sephton
;Alli;Verheyden
;Francklin;Yeell
;Chloris;Buffey
;Marwin;Hatley
;Elvyn;Greep
;Ferdy;Klewi
;Katusha;Border
;Dougie;Origin
;Portie;Drabble
;Sheree;Filliskirk
;Crissy;Scampion
;Seth;Amos
;Kipp;Linstead
;Marigold;Klouz
;Carena;Roff
;Jerry;Tinsley
;Lindy;Huck
;Halsy;Laugheran
;Ruperto;Addey
;Siegfried;Manz
;Erna;O'Loughlin
;Darci;Vitte
;Iver;Ingon
;Pam;Francomb
;Tynan;Dot
;Yank;Pettigrew
;Loren;Stare
;Carole;De Benedetti
;Ceil;McDuall
;Fidel;Garmons
;Berty;Wyon
;Sharlene;Bairstow
;Karolina;Citrine
;Sergio;Tungate
;Miguel;Mease
;Kalindi;Witsey
;Eugenius;Troubridge
;Rozalin;Gareisr
;Doralynn;Tredinnick
;Osmund;Staddart
;Junie;Gamil
;Gloriane;Izkovicz
;Genni;Rust
;Mylo;Reyson
;Fred;Doggrell
;Filip;Orrah
;Yul;Oxbe
;Selia;Rudd
;Calida;Reeders
;Marley;MacCaughey
;Asia;Klawi
;Shea;Pittoli
;Calley;Jovicic
;Harriet;Shreeve
;Babb;Duck
;Latisha;Batiste
;Viole;Allso
;Roley;Ernshaw
;Danice;Redmile
;Shelden;Pritty
;Alfreda;Le Houx
;Sibeal;Sprankling
;Rosaleen;Gordon-Giles
;Minda;Radcliffe
;Harper;Sharkey
;Laughton;Jeannequin
;Nathalia;Tissier
;Cindy;Febre
;Desiree;Whittlesea
;Hanan;Chitter
;Jeni;Stanlike
;Nikolas;Stollhofer
;Melitta;Rummins
;Connie;Cicconetti
;Rene;Coker
;Melva;Codrington
;Tobiah;Rubinowitsch
;Ives;Everton
;Paulina;Novakovic
;Rozele;Plampin
;Shellysheldon;Omrod
;Casey;Guidi
;Tomlin;Hourihan
;Joelie;Haily
;Mersey;Philipeaux
;Faustine;Dahlbom
;Mendy;McNaughton
;Arte;Peeter
;Horatia;Hullyer
;Ingunna;Northcott
;Case;Hasnip
;Lilllie;Bouzan
;Artemas;Cookman
;Guenna;Tackett
;Laurene;McNellis
;Berta;Hilary
;Whittaker;Zimmer
;Raymond;Lynskey
;Ellissa;Rickasse
;Joya;Surman
;Iolande;Elis
;Gene;Skipp
;Ali;Berthomieu
;Aldus;Polfer
;Ritchie;Audry
;Saidee;Elix
;Konstantin;Matteo
;Zaneta;McPharlain
;Grannie;Bebbington
;Anthea;McNess
;Anabel;McCarlich
;Dar;Roller
;Inez;Abramov
;Malissia;Colebourne
;Ulrika;Want
;Teriann;Sanpere
;Juliette;Fairholme
;Koressa;Afonso
;Janine;Busson
;Dasya;Blague
;Niles;MacGeffen
;Gayler;Stilly
;Tatum;Seaking
;Horatio;Ismay
;Pip;Carme
;Janice;Bardill
;Gonzalo;Vaar
;Gabriella;Spurge
;Dana;Ducastel
;Kaine;Row
;Livvie;Dougal
;Madge;Sherborn
;Gisella;Bibby
;Chrisse;Do Rosario
;Chelsae;Veltman
;Roberta;Brastead
;Loraine;Petren
;Riva;Ozanne
;Mattheus;Garth
;Marja;Preuvost
;Lena;Peret
;Riane;Fyrth
;Shelly;Soigne
;Darius;Hutchason
;Wain;Bouttell
;Andria;Ficken
;Augustine;Tomaszynski
;Sherie;Robbie
;Sella;Buttrick
;Laryssa;Scholl
;Jennifer;Hanretty
;Leah;Drugan
;Maudie;Benton
;Adolph;Lafranconi
;Noll;Marlowe
;Brianna;Mussilli
;Derril;Jaggar
;Roobbie;Buggy
;Joleen;Dailly
;Norman;Maillard
;Dasie;Helleker
;Analiese;Featherby
;Madelaine;Garrals
;Darci;Simone
;Trueman;Braker
;Mame;Shinn
;Julee;Kinahan
;Lola;Pettingall
;Mead;Oselton
;Giovanni;Danhel
;Xylina;Picopp
;Claribel;Porrett
;Artus;Bremmer
;Godwin;Schaumann
;Petronia;Yakovitch
;Georgy;Kabisch
;Marc;McRinn
;Clevie;Terrell
;Madelena;Truse
;Sheffield;Rushbury
;Berny;Coales
;Dorthy;Gooder
;Freedman;Blakeney
;Sari;Allin
;Edin;Rainsden
;Tobit;Tomasoni
;Nat;Conboy
;Corrine;Tocqueville
;Olivette;Palley
;Ingmar;Soots
;Leisha;Layborn
;Roi;Cometto
;Forester;Bazoge
;Fidelio;Hawkins
;Lauritz;Scollick
;Mona;Ashtonhurst
;Neall;Milliken
;Gwennie;Iiannone
;Regine;Lanceley
;Bernetta;Heaysman
;Sisely;Cattroll
;Blakeley;Morton
;Paulo;Pittwood
;Nonna;Springer
;Shirlene;Minnette
;Agathe;Coalbran
;Gussi;Brant
;Raffarty;Edmonstone
;Hashim;Chick
;Frayda;Lorkin
;Eddie;O'Carmody
;Georgia;Deer
;Sybyl;Hitzmann
;Angus;Cullinan
;Inglis;Marrow
;Elizabeth;Dinesen
;Rae;Trevallion
;Clarie;Gooch
;Jayme;Prudham
;Tate;Mushart
;Jamal;Dickerline
;Brenden;Hinder
;Willette;Belchamp
;Nathanil;Garmons
;Donia;Rosenberg
;Gipsy;Ebbin
;Kellen;Berrey
;Kandy;Maddick
;Marney;Fenimore
;Lyndel;Stearn
;Blondell;Haslin
;Prinz;Maulin
;Libby;Rushman
;Bobbette;Bosson
;Betsy;Manthorpe
;Anitra;Worley
;Chet;Egdal
;Hilliard;Pym
;Eddy;Dowse
;Shell;Woodbridge
;Win;Rapley
;Alyda;McIlwraith
;Rosalynd;Nanuccioi
;Sol;Dunlea
;Catriona;Brunel
;Kristopher;Statton
;Anastasia;Forryan
;Brittaney;McManus
;Thea;Figures
;Joann;Targe
;Sutherland;Canto
;Hilario;Pudsall
;Marget;Leemans
;Allie;Pountain
;Karil;Fee
;Kris;Matyasik
;Rube;Ferminger
;Kayla;Marland
;Allyn;Woolveridge
;Lexine;Mattek
;Patricia;Maharey
;Maressa;McKevany
;Jesus;Seathwright
;Ingeberg;Chatto
;Joyous;Thurlbeck
;Edward;Heinzler
;Ky;Hartright
;Grenville;Skiplorne
;Enrico;MacCarroll
;Reeva;Grasner
;Jillana;Leach
;Josiah;Yurshev
;Lodovico;O'Finan
;Terry;Pimlott
;Joanie;Belfitt
;Madeleine;Eate
;Aluino;Flaxman
;Filbert;Rollitt
;Cynthy;Fishpool
;Joellen;Dominik
;Barri;Tunsley
;Nolan;Jesteco
;Rudd;Hebbard
;Karl;Tremayle
;Armand;Kinnard
;Jojo;Verriour
;Elbertine;Martyn
;Timothee;McShirie
;Sam;Whales
;Bryana;Petracchi
;Shepperd;Patington
;Mame;Revitt
;Lela;Monckman
;Stanford;Greg
;Olvan;Persehouse
;Chelsie;Fenemore
;Jasmine;Fowden
;Ramsey;Forman
;Georgeanna;Blincoe
;Julio;Calan
;Beaufort;Schwanden
;Wilfrid;Sheed
;Suzanna;Carnall
;Tawsha;Ahmed
;Yalonda;Guillart
;Kimble;Daubney
;Tommi;Pasticznyk
;Conrade;Newing
;Royce;Edgeller
;Angelo;Ickov
;Vassili;Fairweather
;Dolley;Ghiotto
;Karon;Colyer
;David;Morland
;Weston;Eilhertsen
;Tonia;Fossord
;Gian;Balam
;Jimmie;Klaves
;Fairleigh;Gouldbourn
;Brooke;Moff
;Sherlocke;Griffe
;Davidson;Muldoon
;Jason;Melior
;Junia;Chesswas
;Rosanna;Bonnett
;Loydie;Saffran
;Webb;MacKinnon
;Eolande;Clemitt
;Caroline;Girod
;Inga;Hurst
;Burg;Inseal
;Sharai;Deeth
;Jenine;Baynom
;Demott;Mathieu
;Laney;Buckham
;Althea;Deehan
;Felecia;Raubenheimers
;Omar;Sheed
;Willa;Tosh
;Pooh;Heymann
;Philbert;Klamman
;Monte;Rosenstiel
;Ingaborg;Sives
;Nelson;Langcaster
;Drusy;Acott
;Wald;By
;Simeon;Capponer
;Brett;Trodler
;Dore;Bony
;Meyer;Batcock
;Margarete;Jedraszek
;Barret;Coultass
;Tracy;Endley
;Linc;Janway
;Sloane;Rash
;Stephen;Esgate
;Prinz;Pacitti
;Cleve;Durbyn
;Dulcine;Colafate
;Lyndel;Shrubshall
;Corbett;Backman
;Teresa;Valance
;Flem;Behr
;Sarajane;Feaks
;Odessa;Snedker
;Merridie;Sprosson
;Flem;Hexum
;Ulick;Lea
;Pauline;Catcheside
;Caroljean;Norley
;Alley;Elen
;Sharron;Horry
;Torrey;Taffe
;Jennee;Gillbe
;Nariko;Rubinowitsch
;Elton;Liles
;Ilaire;Paiton
;Andreas;Stooke
;Tracie;Hanaby
;Pet;Goodoune
;Ansell;Dilley
;Kalina;Nobriga
;Mohammed;Reinert
;Adams;McDermott
;Alphonse;Speight
;Ricca;Spaduzza
;Orsola;Proctor
;Leigh;Bolver
;Lillian;Warnock
;Anne-marie;McTear
;Page;Poxton
;Daryl;Leddie
;Bordie;Lambirth
;Justus;Kettleson
;Kit;Bothwell
;Lucia;Monroe
;Joletta;Fanti
;Stevana;Fryett
;Carlin;Sudell
;Tana;Douglas
;Rozamond;Lancastle
;Johannah;Abbyss
;Evelina;Illing
;Skyler;Passion
;Emilee;Bogey
;Upton;Nazareth
;Jonathan;Heinert
;Editha;MacRirie
;Lindi;Izkovicz
;Con;Tremollet
;Riobard;Sansam
;Lillian;Hackleton
;Wallace;Pyne
;Palm;Deble
;Roth;Hargreave
;Stacia;Bransdon
;Ferdie;Gleader
;Vinni;Quig
;Loralyn;O'Sullivan
;Moses;Mirralls
;Vaclav;Abbet
;Bobbette;Humbee
;Frants;Glencrosche
;Georg;Fishburn
;Milt;Tidbald
;Hilda;Eykelbosch
;Teddi;Josselsohn
;Noble;Mival
;Ravi;Sandle
;Evered;Froom
;Brooke;Lowell
;Christoph;Merfin
;Richart;Hellmer
;Ginny;Cunniff
;Gordie;Bainbridge
;Annemarie;Le Houx
;Emmett;Kops
;Erda;Bradberry
;Deerdre;Padmore
;Wallas;Presdee
;Margalit;Brentnall
;Dasya;Ower
;Emilee;Barnwill
;Gracia;Hause
;Tamma;Delgaty
;Sandro;Meach
;Marylin;Cagan
;Daloris;Ranklin
;Cris;Scoggin
;Franzen;Greenstead
;Thain;Collman
;Teirtza;Bretherick
;Vinni;Cranshaw
;Opaline;Jorgensen
;Sybyl;O'Gleasane
;Dinny;Fosken
;Alasdair;Keyme
;Shaun;Esselen
;Ilise;McGraith
;Stacia;Carette
;Lemmy;Thulborn
;Wenonah;Kahane
;Miguela;Embling
;Latashia;Folonin
;Sibby;Appleford
;Uriel;Giotto
;Irina;Cullip
;Marcille;Fessier
;Ewen;McGiveen
;Welsh;Norcliff
;Roxane;Foan
;Bryan;Kem
;Rosalinda;Locksley
;Oberon;Waistall
;Timofei;Jahan
;Antoinette;Bortoletti
;Redd;Fromont
;Fidelity;Benjefield
;Michaeline;Archanbault
;Kissiah;Mattersley
;Constance;Baron
;Lucilia;Iwaszkiewicz
;Joleen;Gearing
;June;Favelle
;Kiel;Olyff
;Ursulina;Vockings
;Selma;Core
;Hersh;O'Monahan
;Berkie;Ansteys
;Winfred;Ossipenko
;Christophorus;Cantrell
;Teodora;Benge
;Terrie;Haskayne
;Nigel;Tresise
;Mariel;Trousdale
;Willette;Cristoforetti
;Vaughan;Kob
;Torrie;Haslock(e)
;Gaynor;Decayette
;Rainer;Salway
;Giselle;Tinkham
;Erick;Lytell
;Armin;Skyram
;Reidar;Leadbitter
;Gabriella;Misson
;Carlo;Surgey
;Humbert;Mastrantone
;Zonda;Eliasson
;Kendre;Lewzey
;Penny;Nuccitelli
;Emmanuel;Cornil
;Phedra;Banker
;Missie;Cearley
;Biddie;Still
;Kari;Claus
;Winny;Del Castello
;Yancey;Purviss
;Cybill;Ridding
;Liliane;Idwal Evans
;Ritchie;Cathee
;Tani;Vitet
;Simone;Ewebank
;Estrella;Gianolini
;Gaby;Antonelli
;Katy;Baber
