id_cliente;nombre;apellido;telefono;direccion
;Kassey;Leving;757 541 6946;2 Havey Trail
;Isak;Fuggles;957 119 5184;1 Barby Park
;Harli;Carolan;413 204 6819;81692 Anderson Drive
;Minnie;Crake;660 848 4440;52613 Cody Point
;Jerrie;Duinbleton;139 676 5495;96 Cottonwood Road
;Farrell;Predohl;495 804 4133;7 Springs Junction
;Kyle;Klimowski;163 717 1371;6 Beilfuss Lane
;Kristos;Simacek;945 767 2511;5850 Meadow Valley Pass
;Aeriel;Jagg;924 571 1067;288 Sachs Circle
;Gordan;Kindleside;795 628 2816;87935 Lakewood Drive
;Ruggiero;Klezmski;241 280 5384;0 Forest Hill
;Aguistin;Gaymer;224 706 4052;99 Meadow Vale Avenue
;Austina;Richter;532 973 0944;8870 Elka Street
;Nikita;Pook;974 436 5349;63348 Waxwing Place
;Constantino;Tongue;309 152 0807;2194 Manufacturers Street
;Faustina;Cottham;762 419 0243;6564 6th Road
;Nolana;Murra;697 123 7372;22883 Warrior Circle
;Kinnie;Saddler;703 421 0136;85 Lukken Street
;Reynold;Milkeham;336 607 0458;7 Grover Circle
;Patti;Sansbury;586 922 8001;1 Old Gate Junction
;Kass;Beedon;522 295 5037;59075 Heath Trail
;Jaquith;Synke;792 676 3101;4 Utah Point
;Tabbie;Bantick;125 545 2606;026 Blue Bill Park Junction
;Albina;Karchowski;799 308 0547;8 Loomis Alley
;Doralynne;Ruggiero;187 864 2578;98250 Brentwood Plaza
;Ave;Ekkel;171 565 0368;4 Hazelcrest Lane
;Dawn;Stuer;928 837 8383;553 Dwight Avenue
;Noe;Vanyarkin;742 570 0855;8968 Crescent Oaks Point
;Benny;Reece;613 540 1548;72 Jackson Drive
;Zedekiah;Richardet;259 886 7737;09 Menomonie Junction
;Heinrik;Eggar;414 844 1872;74 Center Hill
;Stacy;Crockett;362 786 5214;921 Granby Circle
;Zilvia;McNeish;328 787 5369;44 Mcguire Lane
;Arlina;Jurasek;315 566 6640;489 Golf View Way
;Marsiella;Gallyon;551 522 9682;8 Hazelcrest Pass
;Edith;Waltering;312 898 3873;81 Bunker Hill Parkway
;Ulysses;Gorhardt;723 486 1554;87 Onsgard Trail
;Jessie;Fumagallo;357 637 3528;42659 Milwaukee Trail
;Chicky;Ward;405 505 3570;052 Green Ridge Junction
;Prinz;Aulton;502 718 1707;5406 Shasta Junction
;Oby;Echallier;406 788 5754;0 Hanson Crossing
;Bab;Hewins;706 830 5973;2 Meadow Valley Alley
;Ariana;Temprell;471 699 7134;5 Cottonwood Pass
;Corty;Aleshkov;775 691 7139;99477 Hoffman Circle
;Garrott;Elecum;818 892 6175;821 Oak Crossing
;Carline;Di Pietro;654 135 5611;0444 Evergreen Center
;Pia;Cryer;194 159 9154;22349 Raven Park
;Cary;Lambricht;169 164 1002;30 Elmside Terrace
;Sigismondo;Blincoe;874 209 0812;76270 Norway Maple Center
;Reagan;Artindale;933 744 5903;23155 Carey Center
;Gregoor;Jakuszewski;158 259 2524;9 Meadow Vale Way
;Ynez;Scarth;211 944 7817;3 Memorial Place
;Michele;Danielsky;421 525 9068;00328 Lunder Crossing
;Alexander;Drought;191 198 9211;21807 Corscot Alley
;Ikey;Dedney;982 711 9799;9981 Cordelia Street
;Arlena;Reimer;412 277 2662;37 Bayside Way
;Gussi;Haskins;614 343 6742;65 Mifflin Park
;Luis;Suddards;408 168 0916;46956 Bultman Pass
;Livvyy;Perford;382 228 1268;9 Quincy Point
;Marion;Gartsyde;505 494 6664;5 Buena Vista Avenue
;Eleen;Dailly;377 403 6048;8 Hooker Point
;Charin;Sickert;569 317 1187;8 Ridge Oak Crossing
;Laureen;Parvin;940 180 7949;3071 Pawling Parkway
;Leighton;Dearnaly;675 888 7716;572 Buell Lane
;Stephie;McCorkindale;671 163 8666;64 Pawling Place
;Bryna;Learie;471 506 6878;488 Huxley Point
;Archie;Blanning;653 668 1559;47956 Buena Vista Place
;Erwin;Hargreves;284 496 1764;58 Fuller Drive
;Udell;Benmore;993 344 8100;059 Garrison Parkway
;Joli;Treleven;349 219 6828;4265 Orin Court
;Camala;Veal;851 229 2303;02 Westport Lane
;Sherwynd;Wildt;991 823 1754;45485 Duke Avenue
;Jeanne;Blackadder;311 758 1341;3 Parkside Lane
;Jenni;Trodler;690 464 2616;850 Steensland Place
;Carola;Mulqueeny; 338 1309;1 Chinook Alley
;Mathilda;Masdon;859 619 3536;42350 Drewry Place
;Blake;Alben;999 613 4824;3 Warrior Park
;Don;Roughey;922 216 5477;39 Ryan Drive
;Arabele;Phlipon;942 385 6309;71128 Rockefeller Road
;Alvinia;Delamere;924 625 7936;5028 Gulseth Crossing
;Alix;Gumey;214 108 8025;1 Sheridan Alley
;Floris;Sagerson;140 132 3828;87 Longview Park
;Adan;O'Lehane;823 497 3850;0 Kim Crossing
;Floyd;Rainford;642 348 1187;5759 Reinke Way
;Anthea;Guly;274 776 6792;282 Vermont Place
;Georgeanne;Carayol;848 511 8845;5502 Michigan Point
;Marv;Shilvock;472 128 0689;4940 Badeau Center
;Felike;Crosio;159 363 7550;061 Myrtle Point
;Cirstoforo;Strangeways;559 428 3147;239 Westerfield Point
;Moe;Cable;191 198 5561;7 Arizona Road
;Patrica;Clutram;989 911 9342;67018 Vermont Alley
;Brnaby;Torry;222 984 7848;8 Coleman Junction
;Rahal;Sells;372 334 8907;584 Ohio Pass
;Karole;Lamba;540 941 9096;98444 Esker Road
;Margret;Hegarty;157 910 0723;16 New Castle Junction
;Abeu;Simonini;306 881 6477;922 Buell Circle
;Wallace;Stuer;633 430 1155;91513 Starling Circle
;Nanice;Cartin;848 550 1704;685 Vidon Center
;Luella;Thompson;960 554 5735;26 Bayside Road
;Vinnie;Wooler;871 919 4295;5 Pleasure Road
;Arny;Judgkins;885 110 6686;43 Manley Center
;Harris;MacGaughey;872 667 9339;20 Gerald Drive
;Sherm;Holligan;539 695 5802;28 Declaration Parkway
;Lars;Jakov;428 197 3166;3 Lukken Street
;Anthony;Simmons;618 544 2150;25 Huxley Center
;Barnebas;Marzella;180 536 4697;62609 Debra Terrace
;Jamill;Antonikov;620 541 8547;14008 Mandrake Lane
;Belicia;McCalum;942 941 8748;8 Golf View Point
;Georgeanna;Dunridge;122 868 5026;669 Sachtjen Parkway
;Ross;Dollimore;405 876 4289;95 Carberry Circle
;Dorette;Sproat;689 975 2931;95005 Shoshone Avenue
;Vick;Trenam;667 483 8769;9 Dakota Pass
;Marieann;Tapner;596 930 7323;855 Iowa Point
;Zondra;Rubega;732 126 7995;80 Dayton Hill
;Joey;Glowacki;436 863 1126;6204 Cordelia Park
;Leo;Tourville;448 207 1974;05483 Barby Place
;Pietrek;Pippin;786 151 9480;8 Kropf Pass
;Claudetta;Hazleton;189 153 5430;08 Sunfield Circle
;Arlina;Geraldez;665 309 8988;55 Chinook Way
;Ozzy;Thatcham;568 422 8902;73344 Wayridge Trail
;Abbie;Krabbe;298 757 7980;1498 Cambridge Road
;Jens;Mc Menamin;200 772 5161;3 Logan Avenue
;Antonin;Tinman;541 121 6139;76222 Old Gate Junction
;Scott;Casacchia;599 715 2329;1187 Florence Trail
;Byram;Ruane;380 956 1379;29458 Loeprich Hill
;Pooh;Gillam;525 738 6817;05 Red Cloud Road
;Judy;Niaves;578 465 9053;2598 Meadow Vale Terrace
;Hendrick;Kleinstern;913 458 2319;8106 Superior Terrace
;Nola;McCane;310 528 7857;7 Warbler Road
;Ruby;Gomez;962 305 9630;17 Pleasure Alley
;Tandy;Lowdeane;983 171 5297;58701 Ridgeview Hill
;Kellyann;Fransman;598 338 0915;7412 Tennyson Hill
;Urban;Kerslake;769 652 1998;8 Cottonwood Trail
;Con;Pestridge;697 278 3423;3 Shoshone Terrace
;Obediah;Bernasek;797 529 6338;0328 Stuart Alley
;Natala;Winsborrow;653 211 6273;1 Rutledge Court
;Dionis;Lembke;235 477 3602;95 Butternut Way
;Liv;Ramsby;197 935 8699;06 Kinsman Plaza
;Maurie;Welman;531 125 3495;771 Holmberg Way
;Lynnelle;Dulanty;761 628 8195;843 Eagan Lane
;Addy;Preto;808 510 2670;53883 Stuart Circle
;Terrance;Gremain;464 357 8939;20457 Oakridge Avenue
;Ruthi;Havard;296 883 7840;8 Golf Lane
;Ainslie;Beacock;397 597 0905;59427 Lillian Junction
;Alic;Redfern;639 172 5385;1155 Debs Street
;Goran;Vasilischev;847 139 1276;588 South Road
;Pansy;Yalden;900 309 3687;8 Spenser Road
;Victor;Sebyer;631 973 6711;788 Main Road
;Wallas;King;735 597 1137;17010 Gulseth Street
;Kaspar;Daltry;114 156 9448;47740 Onsgard Avenue
;Myrtia;Crellin;310 108 2704;63664 Talisman Drive
;Rosalynd;Betje;932 246 6341;1611 Declaration Alley
;Lynelle;Alenov;948 410 5563;791 Morning Lane
;Dorris;Dami;365 267 1573;8130 Sachtjen Terrace
;Cecil;Malyan;862 596 4786;5 Crescent Oaks Center
;Janith;Yglesias;288 166 8994;8774 Sage Terrace
;Ebony;Crawford;731 572 5750;202 Waywood Street
;James;Malatalant;696 160 7063;686 Prairie Rose Center
;Ambrosi;Kirkham;684 795 8236;83 Dayton Way
;Gwyn;Brundell;486 647 2834;5 Crownhardt Parkway
;Alphonse;Andrez;579 269 6318;68 Burning Wood Pass
;Rodger;Ismirnioglou;631 471 7624;3937 Prentice Street
;Fawnia;Schrader;519 485 9428;7 Hooker Way
;Rachele;Blakey;713 537 3862;9300 2nd Circle
;Rozalie;Adame;749 526 2987;152 Nelson Terrace
;Edmund;Cornils;717 941 0324;93997 Leroy Park
;Corny;Ashpital;212 513 1307;27984 Merrick Circle
;Bryon;Cortes;242 791 8396;7 Utah Junction
;Marie-jeanne;Shackell;650 516 1160;177 Westport Plaza
;Torrance;Comer;514 982 2968;2 Norway Maple Way
;Kaila;Heritege;357 197 0087;91273 Westridge Street
;Merilyn;Proctor;614 125 7111;8 Farmco Center
;Avrom;Gibling;695 746 1386;156 Grasskamp Avenue
;Miof mela;Klug;241 829 8653;5644 Chinook Road
;Trevor;Lilion;858 449 9725;17866 Oriole Crossing
;Bevan;Poore;492 899 7323;3 Jenna Point
;Kayne;McGill;701 657 6076;756 Kinsman Park
;Bryant;Larchier;441 905 4696;342 Hooker Circle
;Nada;Woodwing;976 319 5983;182 Crownhardt Junction
;Gaylord;Levin;788 780 7337;39483 Clarendon Circle
;Nickolaus;Barley;344 155 9595;75087 Mockingbird Center
;Willi;Fydo;288 116 5139;2865 Emmet Alley
;Sherilyn;Loughhead;838 444 2738;387 Melrose Lane
;Dinny;Gantz;290 320 9300;43 Arkansas Court
;Zacherie;Tamblyn;259 927 1556;3827 Vernon Park
;Krisha;Chafney;231 955 6557;13 Manufacturers Park
;Alisa;De Brett;473 637 0656;207 Algoma Terrace
;Dottie;Bottomer;670 205 6857;66257 Twin Pines Way
;Rivkah;Bordone;225 493 9325;8634 Tennessee Trail
;Salvador;Trippett;711 556 9005;877 Bultman Center
;Emmaline;Rabat;500 178 7213;56 Sutteridge Place
;Pierre;Mableson;244 595 6978;04678 Farwell Way
;Teodoro;Pharrow;795 416 8182;721 Dorton Drive
;Teodoro;Birk;772 114 5752;4 South Alley
;Maribelle;Hadwin;302 374 9617;43 Farwell Junction
;Zelda;Minelli;202 518 8101;80454 Fieldstone Junction
;Georgiana;Ovitts;498 768 0336;18 Artisan Circle
;Sauncho;Brill;938 273 9685;696 Waywood Avenue
;Regan;Slinger;216 123 6141;31 Shoshone Alley
;Gallagher;Mirfield;447 780 0358;4043 Northport Hill
;Corine;Ioannou;398 248 7161;5176 Vernon Circle
;Corine;Griston;454 780 7156;14537 Kinsman Way
;Garrard;Pigny;779 249 8371;9 Susan Avenue
;Gordy;Matiewe;205 461 5328;691 Northfield Court
;Tyler;Empringham;853 294 1984;38 Steensland Terrace
;Sheilakathryn;Duffit;326 380 7838;9520 Di Loreto Court
;Raimondo;McCrie;224 422 7035;87883 Miller Court
;Ariadne;Benfield;643 884 8812;2 Ohio Place
;Wynny;Ricold;253 976 1601;91 Merchant Terrace
;Julissa;Andrejevic;571 456 8091;0122 Lakewood Hill
;Dorrie;Yurin;635 166 2129;2 International Plaza
;Nigel;Samworth;643 774 6631;498 Clarendon Street
;Ginevra;Atwell;869 311 3260;7388 Express Drive
;Ansell;Bohling;105 927 4560;451 Mockingbird Plaza
;Anestassia;Kingsnod;165 930 0478;2039 Oakridge Crossing
;Magdaia;Reynalds;394 987 6676;27985 Wayridge Court
;Arliene;Iacovaccio;632 894 2412;19984 Tennyson Way
;Robinette;Godsafe;388 664 8748;27 Menomonie Circle
;Lisha;Siebart;142 981 7404;5 Fairfield Avenue
;Andie;Andrzejowski;343 682 6684;03352 Waywood Park
;Eleonore;Reschke;607 905 8517;2 Farragut Plaza
;Merwyn;Wortman;428 788 9912;6711 Norway Maple Park
;Rubina;Marchment;589 763 8869;08058 Fieldstone Park
;Beatriz;Palleske;994 897 8913;26864 Briar Crest Point
;Livia;Gonsalvo;330 313 6897;3 8th Place
;Camala;Litherborough;850 680 7389;7 Gerald Circle
;Winnifred;Rosita;304 913 0509;45939 Tennyson Point
;Aurore;Armatidge;687 328 7497;7483 Thompson Center
;Veronika;Crates;223 552 3231;797 Jenifer Court
;Debra;Couchman;619 530 2750;9382 Miller Parkway
;Pepi;Basili;792 924 8595;27391 Dayton Circle
;Violette;Forrestall;744 619 7624;71678 Kropf Street
;Zia;McHardy;108 500 5327;1131 Russell Circle
;Sandra;Morfey;100 755 2109;53792 Forest Run Park
;Adore;Symmers;768 190 8237;7439 Corben Court
;Alecia;MacCosty;291 196 2360;70 Upham Center
;Georg;Fagence;393 982 4524;0046 International Plaza
;Salli;O'Doohaine;940 124 1278;8865 Maryland Drive
;Arnie;Carren;761 329 9670;6 Arkansas Alley
;Ahmed;Farney;854 427 9046;7734 Fairfield Lane
;Maressa;Trimnell;964 302 4299;9 School Pass
;Anne;Sowley;186 970 6968;5 Meadow Ridge Way
;Odessa;Danzey;796 175 8326;7965 Old Gate Avenue
;Madonna;Smedmoor;869 277 6411;48837 Ilene Plaza
;Cristabel;Hallsworth;612 649 9219;5999 Hoard Parkway
;Neil;Blazejewski;554 537 7066;913 Upham Plaza
;Jackie;Arni;427 694 7264;12 Spaight Terrace
;Hildegarde;Eagar;333 310 4684;03843 Di Loreto Lane
;Hieronymus;Lacasa;206 324 0532;9314 School Trail
;Siusan;Rahlof;533 646 4704;307 Memorial Lane
;Fawn;Jerwood;763 772 7554;94 Hovde Place
;Sonia;Edlington;784 543 0548;5 Monterey Court
;Andriana;Bousler;286 609 5381;61221 Spenser Road
;Glenden;McElvogue;438 608 6119;4583 Norway Maple Lane
;Neil;Cham;397 801 2976;7950 Bay Plaza
;Ariel;Zannotelli;138 581 3625;506 Oriole Park
;Baily;Rosa;653 286 5858;24 Golf Place
;Joletta;Farrimond;330 622 2843;164 South Street
;Rod;Jatczak;827 694 3035;037 Artisan Road
;Kile;Absolem;199 128 8143;3 Ridge Oak Circle
;Della;Bloxland;867 315 3553;6192 Truax Center
;Merlina;Bimson;141 968 3808;6 Express Place
;Hailee;Colquitt;941 783 1301;2380 Fremont Plaza
;Salomo;Lohden;360 205 0653;3 Golden Leaf Hill
;Nathan;Wodeland;156 874 2502;75028 Melrose Terrace
;Leora;Treven;799 824 1267;0009 Derek Avenue
;Catlaina;Habin;741 990 0150;05464 Sachtjen Junction
;Fielding;Bare;985 455 2507;57 Melvin Drive
;Gram;Downing;827 154 3704;38 Ramsey Plaza
;Rebbecca;Folger;160 534 6348;69 Briar Crest Lane
;Cortney;Celand;453 298 6113;829 Moulton Point
;Idalia;Di Franceschi;399 464 2975;200 Caliangt Avenue
;Dolorita;Jerratsch;924 532 2371;48 Clemons Lane
;Liza;Jerche;807 194 9722;40 Anniversary Center
;Jeniece;Rosenqvist;558 129 2708;244 Prentice Parkway
;Creigh;Sawart;605 532 2610;0479 Onsgard Place
;Dyanna;Wisbey;516 474 2444;093 Tony Park
;Daphene;Roser;686 915 9089;67 Jenifer Crossing
;Stevena;Dainter;891 237 8151;22 Huxley Circle
;Grethel;Romeo;380 525 6655;90 Susan Place
;Marna;Fonzone;939 918 7841;14 Old Shore Road
;Peyter;Yitshak;869 710 2212;1313 La Follette Center
;Ceil;Argont;592 159 8628;548 Orin Point
;Berry;Normand;826 274 2261;5 North Circle
;Christophorus;Labrow;221 780 2306;80936 Esch Court
;Gamaliel;Braden;421 644 1091;728 Northport Street
;Lenka;Gautrey;423 171 2833;1 Bowman Circle
;Horatia;De Bruyn;647 595 9559;72 Montana Trail
;Elmore;Danilevich;208 106 3265;74 Di Loreto Terrace
;Hubey;Collcott;229 401 0492;3 Calypso Circle
;Aldric;McCarle;393 982 9713;749 Twin Pines Pass
;Thomasa;Epinoy;279 337 4627;69 Lighthouse Bay Junction
;Ann;Cuming;410 445 2157;59 Drewry Center
;Andros;Burree;697 419 9225;979 Bowman Center
;Selina;Hymer;378 434 2375;8080 Lawn Pass
;Norrie;Wadham;587 735 7328;40 Sauthoff Street
;Vaughn;Hentzeler;697 136 8244;6588 Pleasure Road
;Hyacinthe;McIlwrick;387 891 6107;946 Spaight Parkway
;Rudie;Thoumasson;267 941 5223;5 Longview Terrace
;Durand;Hockey;206 749 0808;8 Fisk Junction
;Yasmin;Bonnavant;207 426 8168;372 Troy Junction
;Doralyn;Mathwin;174 337 1323;0 Crowley Center
;Staci;Allabush;844 969 5033;90184 Lawn Park
;Cody;Flood;112 533 0822;245 Lerdahl Park
;Kevyn;Littlefield;678 665 8864;028 Division Plaza
;Stepha;Slafford;320 621 5701;01 Vernon Alley
;Simon;Zoren;964 600 5927;12566 Brown Parkway
;Xena;Whitley;586 725 1814;8753 Coolidge Terrace
;Isidro;Kinnaird;472 669 0319;795 Little Fleur Junction
;Ody;Ceeley;966 183 8503;35836 Rieder Lane
;Avictor;Kitchingham;190 856 8411;7304 Scofield Drive
;Jason;Krelle;517 673 3209;64517 Warbler Circle
;Julio;Kneaphsey;386 373 4319;62 Randy Way
;Pauli;McCreedy;189 211 9325;486 Westridge Crossing
;Rabbi;Goodson;809 920 4145;121 Blue Bill Park Hill
;Rozele;Compson;795 374 4178;41949 Corry Road
;Bowie;Kingswood;494 670 3146;58 Bunting Way
;Earvin;Burniston;625 539 1859;09474 Mayfield Drive
;Wolfy;Bratty;382 977 7109;51 Independence Point
;Amii;Hallward;195 699 8572;5 Ronald Regan Center
;Maude;Hurran;896 312 2821;5 2nd Trail
;Collen;Brandon;920 795 8885;68 Armistice Parkway
;Margaret;Stanbridge;994 216 3582;02 Loomis Court
;Marie-jeanne;Cerie;875 180 8215;915 American Lane
;Renell;Gull;178 375 2191;27951 Hanover Crossing
;Fan;Laflin;448 584 9179;98 Redwing Avenue
;Fredericka;MacQueen;306 735 9574;8076 Claremont Pass
;Salomone;Hallatt;731 593 3388;3 Macpherson Parkway
;Robby;Mc Ilory;739 819 8912;5598 Autumn Leaf Place
;Merissa;Oughtright;668 514 5500;0229 Hoepker Place
;Boyd;Zini;447 814 9900;9471 Prairieview Way
;Hurlee;McMurray;151 631 9184;8 Sundown Center
;Ciro;Harbin;841 143 4881;653 Golf Course Street
;Biddy;Keynes;418 568 0149;289 Hagan Crossing
;Eal;Dron;957 631 6555;8 Johnson Avenue
;Roslyn;Vallantine;864 421 2271;51 Calypso Crossing
;Astrix;Schulze;791 104 1426;8 West Point
;Dalenna;Rodnight;141 147 3011;21829 Derek Point
;Delphinia;Reddyhoff;239 479 4591;8960 Paget Parkway
;Raine;Spiller;713 229 1113;14 Walton Point
;Chrysa;Rosenvasser;618 980 2944;9 Hanover Terrace
;Cort;Elliker;430 208 3658;591 Northfield Crossing
;Ilysa;MacShirie;499 139 2457;688 Thompson Street
;Tiphanie;Armiger;787 669 4130;1496 Talisman Center
;Keen;Inchan;604 477 1035;94 Lakewood Gardens Avenue
;Ruthann;Dennert;244 195 2665;37 Helena Crossing
;Juline;Ofield;896 805 2333;6 Chive Way
;Wylie;Deller;256 120 9362;78 Welch Plaza
;Maurie;O'Canavan;368 856 4659;56 Clyde Gallagher Point
;Kathye;Jelks;897 861 6820;40166 Delaware Road
;Jephthah;Crier;407 394 3486;646 Kedzie Trail
;Benton;Jentin;868 278 2867;60089 Merry Road
;Erroll;Fulham;214 751 4050;682 Kingsford Court
;Lauren;Bock;148 939 9745;39 Lyons Terrace
;Remus;Greggor;904 463 2253;1 Monica Way
;Robinson;Swenson;773 210 4996;25887 Manley Circle
;Thorny;Dunne;374 355 9365;14337 Florence Park
;Shaina;Antrag;447 740 7030;2 Autumn Leaf Avenue
;Patrick;Taphouse;313 439 4518;33 Russell Alley
;Filide;Bossons;502 668 7739;13841 Kenwood Circle
;Sabra;Cuardall;675 794 2351;2252 Rieder Alley
;Aeriel;Gianelli;964 767 7332;28301 Toban Road
;Francisco;Klassmann;159 175 7337;45 Maple Wood Court
;Bridgette;Rodda;369 516 6595;75356 Buena Vista Trail
;Grantham;Suatt;202 577 7661;5 Grayhawk Pass
;Jason;Axtell;968 614 2731;61 North Pass
;Brit;Scothron;755 862 0654;5072 Kingsford Place
;Amie;Noweak;340 193 8518;5 Paget Junction
;Margie;Orts;610 879 9202;28612 Carberry Parkway
;Charlotta;Bunton;991 378 6451;39535 Wayridge Trail
;Gilda;McInnes;200 553 7602;05 Muir Terrace
;Mattie;King;133 671 4078;47 Rutledge Plaza
;Maressa;Kenway;842 877 7244;6123 Dennis Hill
;Basilius;Pretswell;422 399 7235;0192 Express Park
;Fee;de Quesne;535 286 0108;7 Armistice Center
;Tris;Ennever;771 652 6664;11122 Kenwood Street
;Kippar;Steel;988 857 4467;71943 Stang Center
;Gerta;Leonida;288 594 6985;33 Mandrake Park
;Abrahan;Anear;497 996 0074;8722 Buell Road
;Audre;Mac;987 445 0165;28 Montana Point
;Georgena;Cauley;974 773 1462;89286 Farragut Pass
;Emmy;Bolin;829 919 3205;864 West Lane
;Lulita;Schachter;539 610 9710;3534 Drewry Road
;Mallissa;Sonner;514 749 1019;881 Monica Alley
;Kayne;Rioch;256 644 1808;9 Linden Crossing
;Nessa;Romanski;155 668 2059;6150 Golden Leaf Parkway
;Natty;Blucher;612 519 8411;54851 Eliot Avenue
;Derk;Springer;830 739 5863;54664 Buena Vista Point
;Barby;Joselin;476 549 2637;15 Butterfield Hill
;Lucille;Tallent;269 556 2561;909 Bartillon Place
;Mohandas;Bernetti;809 322 8615;39 Hauk Plaza
;Andeee;Belmont;933 863 4568;17 Washington Drive
;Colby;Deinhardt;389 424 3901;0 Maywood Park
;Maria;Dewes;219 484 0226;958 Cascade Lane
;Hillary;Speight;726 686 4382;925 Derek Lane
;Horatia;Dugan;337 118 2885;12 Ohio Drive
;Averil;Iacopini;118 436 2875;0 International Alley
;Sully;Fiddyment;689 470 6734;776 Center Drive
;Doloritas;Bowich;675 379 7453;7 Carpenter Pass
;Amberly;Peschet;945 871 1132;89592 Carpenter Park
;Krispin;Shattock;889 250 2283;62 Arkansas Point
;Ellsworth;Elland;560 639 9822;30 Melrose Street
;Care;Deinhard;185 641 1693;35115 Golf View Avenue
;Arda;Uphill;711 593 4981;6463 Delaware Avenue
;Morgan;Try;859 644 1151;9167 Merchant Place
;Gwendolin;Slayford;854 732 9953;03 Acker Parkway
;Quent;Spiers;605 174 5327;600 Elmside Alley
;Audie;Jozwik;925 108 4571;17516 Del Sol Place
;Jocelyn;Sneesbie;940 186 1173;265 Pennsylvania Hill
;Demetre;Justice;338 460 7812;60866 Moose Point
;Kendricks;Galley;753 440 0007;929 Gale Way
;Camey;Foottit;819 996 2750;8786 Pierstorff Center
;Terrel;Tolotti;882 441 3683;53 Debs Hill
;Berk;Gleave;820 405 4055;757 Pearson Crossing
;Levin;Coopman;937 903 7078;67096 Sycamore Junction
;Urbano;Karpe;355 561 8445;1525 Prairie Rose Trail
;Ulises;Arkle;581 735 5719;87546 Ryan Crossing
;Didi;Jobbins;404 917 7259;7 Lakewood Lane
;Ruben;Hamblett;697 591 5822;7788 Prentice Court
;Flossy;Yerrall;471 318 4850;452 Everett Circle
;Niles;Nagle;458 201 6670;3172 Mandrake Circle
;Marci;Bernardt;441 304 6264;94 Warner Alley
;Elbert;Brigstock;257 947 3172;15 Memorial Parkway
;Base;Josephson;622 413 3754;2768 Duke Hill
;Pepillo;Ioselevich;935 492 4792;55043 Crownhardt Terrace
;Zak;Hilland;130 622 4597;111 Eagle Crest Parkway
;Jessee;Alchin;263 227 5153;6539 Hagan Junction
;Ketti;Heugh;231 566 0055;59219 Westridge Trail
;Orelee;Bleue;147 610 4087;5823 Ridge Oak Lane
;Clyve;Grimble;589 673 2477;19478 Hintze Lane
;Val;Dando;842 953 6262;43868 Hazelcrest Center
;Renado;Jurick;462 219 3981;9040 Colorado Center
;Albrecht;Pedroni;524 817 9762;9681 Arkansas Circle
;Belvia;Ewenson;881 814 7152;5965 Schiller Junction
;Valentina;Panichelli;298 203 6743;8 Manley Court
;Adelind;Pitkeathly;622 476 4238;1 Nobel Court
;Faydra;Kummerlowe;600 880 7098;25936 Bowman Junction
;Anestassia;McFie;991 568 0926;4924 Mosinee Lane
;Shane;Lamblot;572 516 4327;4 New Castle Point
;Delora;Camplejohn;245 725 7602;0655 Leroy Lane
;Madelene;Bilbrooke;360 100 8926;6 Rieder Place
;Sile;Bunny;350 956 7582;241 Knutson Way
;Ethe;Orpen;782 470 3175;85 Harper Way
;Jessalyn;Bleazard;137 958 2831;30 Atwood Trail
;Baxy;Robert;242 101 1874;92052 Havey Avenue
;Libbie;Gaffer;270 323 6160;64 Oak Valley Parkway
;Marsiella;Burr;467 145 0283;9153 Sunfield Street
;Judi;Wipper;214 984 1030;495 Dwight Trail
;Nataline;Bendik;567 824 4576;05 Lawn Point
;Aleda;Got;696 172 0632;1695 Lillian Way
;Isaiah;Fronks;475 881 5350;290 Weeping Birch Pass
;Roman;Bavin;548 634 6065;6010 Acker Park
;Arabelle;Keable;805 105 6902;881 Riverside Terrace
;Ophelie;Chivers;539 871 8161;07242 Village Green Avenue
;Reggie;Newcome;857 450 8769;9 Dovetail Place
;Jeanna;Heers;522 485 7353;1 Hauk Terrace
;Benyamin;Dowson;894 806 4908;23354 Bowman Drive
;Serge;Crebbin;709 532 1208;799 Debra Pass
;Tierney;Giurio;873 511 7117;92183 Haas Plaza
;Sharia;Cutbirth;609 717 1210;6462 Trailsway Avenue
;Lida;Somerled;921 232 6301;64 Golden Leaf Junction
;Neron;Fernez;206 340 7739;8 Schurz Plaza
;Valencia;Scotson;468 969 4671;07 Tomscot Center
;Minni;Gianninotti;481 878 1149;18 Utah Junction
;Alysia;McConnachie;956 574 8720;444 Schmedeman Road
;Belva;Bleackly;823 620 9745;5 Anhalt Way
;Gothart;Avrashin;703 258 2100;079 Di Loreto Drive
;Reamonn;Reyburn;432 425 5675;008 Waubesa Junction
;Hana;Mintoft;824 980 9581;0 Buhler Park
;Sutherland;Grove;222 860 3097;910 Anniversary Hill
;Zacharias;Greville;822 791 7848;680 Merrick Park
;Mason;Dales;419 831 3527;964 Manitowish Drive
;Claudette;Gerrans;717 848 5627;2304 Monument Lane
;Hannis;Conboy;664 829 5420;2 Golf Circle
;Valida;Elward;939 530 5745;24 Valley Edge Road
;Marcia;Huntress;311 221 4255;38 Merrick Lane
;Titos;Oiller;810 274 2601;9 Golden Leaf Avenue
;Enrichetta;Howick;477 531 6425;2 Westridge Junction
;Kata;Lawlance;824 931 3187;24774 Emmet Road
;Cazzie;Sibbson;506 580 0695;00223 Rutledge Crossing
;Riki;Dun;856 539 1585;43 Pennsylvania Park
;Josefina;Claisse;812 352 2749;39796 Blaine Avenue
;Harriot;Fishby;498 910 5793;275 Longview Street
;Georgia;Tallis;771 256 6574;229 Emmet Circle
;Max;Muckleston;402 468 8664;1 Maywood Court
;Nial;Basek;864 683 1181;917 Cody Junction
;Wallie;Kaufman;258 778 1927;7468 Jenifer Court
;Tadd;Ryle;786 518 8020;0 Charing Cross Place
;Dacia;Haworth;300 776 7984;39366 Boyd Place
;Andie;Sulter;810 330 5917;41019 Vahlen Point
;Rhianna;Stubbington;374 855 6745;16 Alpine Trail
;Darla;Tampling;363 351 1921;15176 Walton Crossing
;Jermaine;Dunkerton;762 856 8299;1564 Kings Place
;Etan;Penchen;241 558 0698;36472 Pepper Wood Alley
;Stanford;Starbucke;284 664 7316;0 Mosinee Parkway
;Joseph;Spink;605 407 5935;415 Claremont Parkway
;Marne;Gilders;732 518 3487;03 Sutteridge Park
;Halsey;Neno;220 162 5435;337 Debs Street
;Krishnah;Justice;893 246 2482;0449 Surrey Pass
;Wolfy;D'eye;487 686 1261;9691 Holy Cross Way
;Tildie;Page;525 944 9741;8728 Lotheville Road
;Eldredge;MacNeillie;419 482 5430;38 Lillian Drive
;Corey;Cupper;133 429 4281;835 Carey Way
;Aubrey;Chape;241 114 7777;13 Beilfuss Junction
;Ruttger;Josefson;982 954 3023;8416 Bashford Terrace
;Sol;Harries;647 385 0371;87879 Sullivan Court
;Andie;Karpenko;130 551 1288;713 Forster Street
;Ellsworth;Stribbling;913 447 8382;3 Glendale Terrace
;Ian;Lockier;292 931 3828;77 Ludington Avenue
;Clary;Morcomb;722 544 1925;59471 Gateway Avenue
;Darsie;Mawford;113 138 2000;3 Tomscot Terrace
;Noelle;Blackett;405 917 4975;306 Clemons Alley
;Bald;Rattray;877 923 7435;19850 Schmedeman Crossing
;Lucius;Leversha;334 928 2546;28828 Blue Bill Park Court
;Lizbeth;Gannicott;619 590 9806;8705 Dorton Alley
;Sanderson;Gregol;260 715 8289;3620 East Junction
;Hobard;Timpany;376 966 0081;09663 Meadow Vale Crossing
;Rahal;Pedersen;513 693 3391;55159 Sheridan Crossing
;Roger;Peace;354 659 4122;8791 Myrtle Way
;Ban;Cubuzzi;719 460 6006;801 Manitowish Plaza
;Dierdre;Speak;569 504 1778;736 Independence Alley
;Carling;Antonioni;734 442 9951;4 Sage Way
;Saxon;Von Der Empten;337 762 3977;157 Emmet Trail
;Benjy;Hansana;756 513 1762;752 Bultman Point
;Dee;Farny;217 949 8063;0240 Northland Court
;Josias;Castells;101 593 3429;6498 Loftsgordon Street
;Laurence;Boyton;307 767 9374;230 Eggendart Park
;Carter;Leggon;212 459 0000;8913 Laurel Junction
;Emmye;Seeman;656 722 5797;76 Beilfuss Avenue
;Davie;Wadmore;799 330 0005;5445 Northland Terrace
;Joete;Schoffel;820 152 2538;01 Sunnyside Plaza
;Alphard;Tremellan;961 882 8774;8984 4th Avenue
;Reed;Sphinxe;269 182 3892;91637 Delaware Circle
;Sheilah;Rutigliano;917 420 3391;7375 Springs Road
;Chelsey;Endrizzi;463 992 4124;0728 Towne Drive
;Tristam;Caudwell;405 796 8051;0 Lillian Lane
;Hinda;Gruczka;830 226 1263;24 Ohio Point
;Courtnay;Dabner;205 931 5862;27886 Mcbride Avenue
;Bethanne;Garnham;398 850 8067;518 Gateway Park
;Maible;Cousens;209 312 3661;43621 Golf Way
;Clea;Stuer;725 915 5068;6 Rieder Junction
;Dorette;Parsand;885 335 6676;87 Lien Drive
;Lawrence;Wigg;577 221 8520;70084 Hallows Alley
;Ernest;Ivory;916 597 6166;45272 Nova Place
;Shaun;Belfield;975 246 1288;16 Division Circle
;Rolfe;Maddin;645 341 7079;6 Pearson Alley
;Gery;Tembey;331 488 9723;2 Killdeer Drive
;Clarinda;Gouny;774 477 4321;5221 Montana Circle
;Meg;Gillebride;629 265 2822;84 Kenwood Court
;Brantley;Gresty;249 274 8730;1324 Washington Point
;Zenia;Labadini;659 449 9680;33 Bultman Center
;Alonso;Gavagan;460 282 5261;0 Hazelcrest Circle
;Lainey;Fairhead;605 126 2440;0 Buena Vista Pass
;Pooh;Cordes;310 946 0080;02 Meadow Vale Lane
;Eal;Luetkemeyer;392 776 9694;88 Buhler Pass
;Ethelda;Stute;927 292 3329;01 Leroy Lane
;Adelaida;Behnecke;419 650 6926;59 Thierer Hill
;Alejandrina;Wolfit;517 596 9296;94419 Arkansas Lane
;Shirley;Favill;890 286 9062;6 Crest Line Road
;Eduino;Huske;576 626 8758;81 Comanche Hill
;Jazmin;Artingstall;423 796 8567;3 Lyons Circle
;Dorelle;McInnerny;884 947 8602;5967 Corry Crossing
;Boony;Cayle;490 266 2957;27 Declaration Court
;Brooke;Bavridge;302 840 3372;82 Almo Way
;Eamon;Wagstaffe;798 780 8548;7409 David Park
;Nolan;Jiru;281 178 6457;8142 Annamark Place
;Jerry;Langelaan;741 370 2822;99 Anthes Terrace
;Shay;Karlqvist;965 693 4577;0015 Pine View Alley
;Sergeant;Dowber;272 608 4998;3 Village Green Way
;Thorpe;Lay;812 325 5114;13153 Memorial Circle
;Lyndell;Pedrocco;997 655 9989;6 Milwaukee Avenue
;Nelson;Dimmne;527 799 8245;4648 Morrow Court
;Gwenny;Grichukhanov;279 176 7661;337 Victoria Street
;Orin;Tice;351 192 8231;0418 2nd Street
;Les;Curnucke;667 763 6767;87 Marcy Park
;Renelle;Mangin;549 500 6091;8 Beilfuss Street
;Kissee;Coleford;665 463 1372;22 Superior Park
;Evaleen;Zecchinii;352 792 7239;14 Arkansas Point
;Tallia;Pinching;250 871 2118;132 Riverside Plaza
;Swen;Matthewes;461 657 7807;1 Saint Paul Hill
;Corabel;Manginot;985 633 3800;41795 Pine View Parkway
;Zorine;Neylan;844 831 8661;4814 Artisan Hill
;Nisse;Plak;159 315 6506;3038 Fulton Road
;Kelly;Oxbrow;426 423 7266;741 Talmadge Road
;Linc;Sheavills;562 968 5545;59 Badeau Terrace
;Dallon;Morecomb;463 181 6187;94037 Sullivan Park
;Ruthann;Breazeall;379 416 0133;69749 Loomis Center
;Martyn;Balhatchet;307 154 1709;56295 Old Shore Crossing
;Donnell;Petyankin;505 896 6375;4 Cody Lane
;Pat;Bamling;571 784 0447;6 Sauthoff Avenue
;Milly;Pride;849 308 7508;6792 South Center
;Erna;Chopping;136 415 2944;981 Myrtle Road
;Frederica;Leates;226 879 5086;941 Glendale Place
;Pearline;Corness;109 160 7549;94688 Sugar Point
;Corina;Brimley;385 760 3603;3082 Pepper Wood Road
;Katee;Gregoratti;975 527 1362;8 Anzinger Park
;Goober;Twigger;243 760 0496;490 Loeprich Pass
;Mace;Boarer;214 751 3691;4 Oxford Circle
;Pollyanna;Wilcot;591 912 7810;3984 Pond Hill
;Meridel;Lutton;129 183 0814;7086 Coolidge Trail
;Kellia;Domel;477 229 1594;47 Texas Point
;Carmita;Cubuzzi;678 513 2449;1456 Sullivan Road
;Park;Seear;978 274 6277;5 Sullivan Road
;Merrielle;Pentelo;199 118 8488;02394 New Castle Terrace
;Corby;D'Ambrosi;277 378 4580;59872 Independence Pass
;Vergil;Lanchbery;158 366 9138;586 Clarendon Crossing
;Lebbie;McTiernan;927 131 4806;0 Thackeray Point
;Lemmy;Skitteral;945 877 3604;2592 Buena Vista Road
;Anderson;Balfe;358 523 5538;0051 Troy Park
;Rhett;Siddaley;801 423 4954;9 Graceland Court
;Christi;Blackleech;256 790 7334;254 Pine View Crossing
;Karissa;Kraut;976 694 0616;0249 Jenifer Way
;Pace;Rennock;770 872 5943;0767 Mariners Cove Street
;Abel;Prayer;957 362 6658;1985 Luster Court
;Hubey;Gareisr;522 628 1808;5884 Moland Park
;Etti;Purbrick;965 290 5587;0 Hazelcrest Point
;Brett;Heisman;232 135 8987;53469 Lotheville Trail
;Angelina;Jeschner;691 375 3236;7 Birchwood Crossing
;Chaim;Harrie;214 875 8537;0 Doe Crossing Parkway
;Berkie;Stewart;416 437 6704;55831 Miller Crossing
;Aurore;Dietz;108 698 1423;56212 Sachs Place
;Brietta;Koenen;950 650 3174;8 Coleman Point
;Susanna;Ruddell;336 413 4948;9632 Roxbury Circle
;Hamnet;Eakley;203 727 1105;22551 Dayton Way
;Zoe;Caulkett;879 496 7501;28315 Union Road
;Minnie;Handford;178 362 3153;479 Corben Junction
;Gerald;Thowes;375 854 9443;83 Evergreen Circle
;Brynne;Petrosian;571 114 1870;36475 Holy Cross Place
;Reginauld;Spaice;929 261 7166;40954 Schmedeman Street
;Mureil;de Broke;323 679 0429;25837 Dennis Parkway
;Goddart;McSkeagan;930 743 4361;86828 Steensland Place
;Zaneta;Bertlin;407 501 1543;8206 Union Hill
;Salomo;Stollenwerck;775 172 2455;91 Trailsway Court
;Marleah;Eggers;633 391 4565;138 Rieder Road
;Waldo;Hunt;196 934 1349;13308 Prentice Crossing
;Vanni;Gomes;519 541 9576;61119 Holmberg Alley
;Buffy;Linsey;861 679 7894;265 Crescent Oaks Crossing
;Sibel;Braben;154 215 2761;45 Eastwood Center
;Wait;Marlon;534 290 4657;616 Fairfield Trail
;Durward;Okroy;253 243 8070;77 Westend Road
;Kira;Roistone;915 456 0226;456 Grayhawk Way
;Ebenezer;McGifford;745 966 1951;19064 Sullivan Park
;Erin;Shearsby;465 750 4473;24105 Petterle Court
;Cammy;Coggeshall;606 593 3794;729 Northview Court
;Dev;Sirey;564 798 4538;229 Forest Run Road
;Graehme;Stott;632 824 8000;75 Darwin Terrace
;Ferdinand;Colles;717 849 6553;14864 Moulton Parkway
;Ediva;Amori;485 845 9372;91 Clove Road
;Allina;Pidgeley;285 194 9697;3891 Debra Parkway
;Angelika;Lotwich;244 736 3409;535 Hermina Park
;Renard;Hedau;494 591 4709;0912 Warbler Terrace
;Cleopatra;Seide;106 826 9220;126 Corscot Way
;Rice;Tyndall;888 499 0000;062 Sunbrook Way
;Josee;Linay;606 613 3124;60344 Springs Circle
;Ichabod;Maher;463 146 0052;815 Waubesa Pass
;Maynord;Seamon;890 542 3429;155 Ludington Point
;Early;Cursons;892 578 6455;2 Iowa Street
;Midge;Shillinglaw;924 957 6219;339 Del Mar Trail
;Doug;Ebbetts;281 358 3289;14475 Myrtle Plaza
;Ambrosio;Fawltey;307 367 6935;125 Blackbird Pass
;Thorn;Thowless;962 702 3909;14 Crowley Crossing
;Delilah;Millgate;177 505 9199;868 Towne Lane
;Blakelee;Hayer;388 897 6120;5 Moland Pass
;Paulie;Garrat;317 392 8013;055 Bayside Circle
;Perice;Tomkins;861 121 4264;8926 Dawn Junction
;Perla;Cours;392 720 4015;1708 International Drive
;Timothee;Berringer;685 962 5648;44619 Lakeland Center
;Gawen;Mallard;859 888 5167;29 Graedel Hill
;Pascal;Davidovsky;462 830 2567;0 Nevada Road
;Beulah;Harbin;168 124 0344;71 Golf View Parkway
;Herminia;Pregal;895 625 0197;9 Service Way
;Kimberli;Beeze;628 101 3438;459 Eastlawn Circle
;Nevins;Priditt;326 188 1731;53 Corben Plaza
;Tomas;Lemmens;894 888 5700;53 Bartillon Hill
;Hayden;Lilloe;186 497 9478;2892 Knutson Place
;Nickey;Paris;296 207 9530;095 School Street
;Aida;Roblou;966 154 9675;81 Marquette Point
;Anastassia;Burmingham;929 649 9591;182 Comanche Road
;Celestina;Pressnell;182 925 1891;5328 Golf View Alley
;Jessamine;Tonepohl;357 410 3684;9639 Graedel Trail
;Sheeree;Eldridge;699 536 7998;592 Ryan Hill
;Mitchael;Ledwich;484 350 3339;523 Lakewood Gardens Park
;Daven;Sharkey;923 573 9755;7600 Magdeline Pass
;Lamond;Richemont;171 906 1142;16 Darwin Point
;Romain;Chaston;612 775 4090;0154 Superior Circle
;Romola;Aguirrezabal;304 879 0390;6361 David Court
;Constantina;Raitie;921 836 3722;17 Weeping Birch Court
;Lucia;Seals;534 333 5925;344 Crescent Oaks Place
;Avrom;Langrick;163 275 3180;9 Muir Terrace
;Roxanna;Laxon;776 261 2196;01 Saint Paul Circle
;Hermie;Joppich;837 662 0137;5864 Stuart Trail
;Bell;Boles;858 380 0878;93860 Ridge Oak Point
;Flossi;Grunwald;825 904 1249;58 Derek Crossing
;Hendrik;Bavidge;165 257 4089;732 Melby Parkway
;Deirdre;Oxlade;545 638 6070;0818 Spohn Center
;Ibby;Pepall;465 728 9722;49 Bunker Hill Circle
;Wilfred;Pulley;887 400 6585;74443 Mcguire Center
;Madge;Molohan;281 260 3985;6 Dakota Trail
;Mikaela;Merryweather;502 475 4496;13959 Arrowood Drive
;Briny;Stronough;646 324 2035;0049 Blaine Center
;Llewellyn;Parsley;158 136 4252;3 International Trail
;Mariele;Hamshaw;757 729 7430;07558 Maple Point
;Ira;Killgus;842 366 5497;963 Carberry Center
;Rodi;Torvey;598 367 0388;086 Scofield Way
;Tobin;Poulsum;600 296 5540;67 Dryden Terrace
;Caren;Bonney;286 972 9704;98 Holmberg Park
;Evangelina;Kynforth;846 658 7331;9 Larry Junction
;Kettie;Leonards;718 981 6817;7734 Morrow Park
;Randy;Hoyer;394 458 4560;7435 Donald Circle
;Skipton;Crummay;289 384 6227;1 Surrey Park
;Matthieu;Umfrey;493 458 6646;7 Kinsman Parkway
;Biron;Gye;635 264 1301;7 Vahlen Circle
;Vale;Kless;669 840 2769;94 Anzinger Avenue
;Elvis;Hinsche;598 363 6355;6897 Banding Lane
;Linoel;Redington;751 331 9741;38217 Fairfield Terrace
;Garrot;O'Mannion;752 455 2517;2 Spaight Drive
;Adelle;Westcott;122 298 5163;80352 Brickson Park Junction
;Hayden;Coverdill;690 295 0739;00131 Northfield Parkway
;Berthe;Fossett;410 157 2412;00 Almo Circle
;Hinda;Gawthrop;133 965 3228;857 Del Mar Avenue
;Drusilla;Crisell;270 258 6243;64031 Manufacturers Road
;Teirtza;Leader;608 554 2938;278 Express Alley
;Elicia;Haig;859 693 4387;44 Main Center
;Padraic;Dufaur;662 814 3452;7 Arizona Trail
;Berri;Bisseker;235 892 3100;3299 Graceland Plaza
;Risa;Straffon;762 852 0931;3474 Graedel Plaza
;Mickey;Lepope;971 834 6683;2865 Moland Plaza
;Lettie;Slayny;794 889 3994;06 4th Junction
;Magdalene;Boddy;504 282 0444;43 Anderson Junction
;Shandie;Stebbings;824 391 5912;1463 Tennessee Crossing
;Bree;Fredi;135 991 2945;2 Memorial Point
;Ricca;Hofner;511 486 3505;209 Ilene Court
;Henrik;Mickleborough;381 827 2061;485 Kings Center
;Yanaton;Kalkofen;914 798 8127;6598 Vera Parkway
;Martyn;Winwright;216 875 8377;23 Tony Crossing
;Seamus;Kuhnt;473 530 5274;99131 Rockefeller Alley
;Nicoli;Buntain;581 814 9330;894 Lighthouse Bay Junction
;Bret;Hasted;768 390 0086;72801 Tennyson Pass
;Sanford;Frome;985 338 8165;66 Ramsey Way
;Jeff;Phateplace;232 713 5211;3818 Hauk Court
;Jamil;Lamprey;857 157 8758;3666 Shoshone Trail
;Jakie;Cowup;383 467 3920;114 Nancy Trail
;Ashton;Haukey;116 486 4120;5 Bobwhite Park
;Carrie;Halpeine;233 158 2866;77742 Cambridge Circle
;Sianna;Championnet;451 362 9061;6 Eastwood Plaza
;Tildie;Gaddie;883 118 1122;373 Del Sol Hill
;Eal;Gerber;593 836 7658;401 Walton Point
;Thorny;Liggett;981 582 9360;8983 Clarendon Road
;Janela;Humpherson;913 557 2093;00 Glendale Road
;Barnabe;Upcott;754 607 9147;19 Lighthouse Bay Place
;Alexandros;Bertholin;759 812 4957;55122 Cherokee Parkway
;Inger;Rundle;190 518 6619;617 Main Parkway
;Marten;Whate;631 294 6268;28209 Washington Center
;Ingar;Legendre;548 974 2038;2 Bartelt Crossing
;Rocky;Dyshart;419 256 2345;99873 Butternut Circle
;Cosette;McCullock;206 728 4360;7751 Evergreen Hill
;Annabal;Reeman;178 424 8682;52 Crescent Oaks Hill
;Eirena;Bullerwell;131 658 9875;79 Dapin Place
;Niko;Silberschatz;987 201 7710;19121 Shasta Plaza
;Marcy;Emmerson;917 244 9160;46 Susan Point
;Leigha;Gautrey;724 398 4978;48124 Schmedeman Drive
;Annice;Gourley;114 364 5175;15 Annamark Park
;Natassia;Aldin;339 728 6291;39 Redwing Drive
;Darrelle;Brisard;165 593 8579;0 Sachs Way
;Heddi;Clouston;512 391 3484;58477 Brown Street
;Elke;Scopes;607 703 4809;2 Bashford Park
;Cullin;Jirieck;505 253 6622;71 Fair Oaks Trail
;Anna-maria;Guerin;921 691 4657;0 Cherokee Parkway
;Aeriela;Drayton;928 514 8097;44 Sullivan Road
;Torry;Gon;640 745 4358;86 Lakewood Gardens Pass
;Eduino;Knoton;619 498 0795;5 Nevada Parkway
;Tuck;Chisholm;838 703 2629;62473 Springs Crossing
;Terrill;Tampin;973 890 2440;76525 Derek Pass
;Rosette;Kinzel;245 339 2045;3 Orin Park
;Willey;Bonome;936 782 1848;1515 Sunnyside Junction
;Lombard;Sydes;987 346 1903;3436 Barnett Pass
;Modestine;Bearward;296 661 7548;574 Red Cloud Road
;Lynnet;Houson;449 212 7041;20087 Hintze Center
;Cullen;Labro;123 391 9516;07232 Jay Terrace
;Tamara;Sidden;370 523 2293;904 Anhalt Road
;Amalia;Dmytryk;707 431 9491;3 Graedel Court
;Taddeusz;Van der Velde;274 808 4560;73265 Lawn Center
;Katlin;Domerc;910 717 1761;86 Hansons Plaza
;Enrique;Jude;844 283 2799;07 Ruskin Way
;Wenda;Reiach;736 667 8697;9692 Messerschmidt Drive
;Frankie;Tincknell;302 731 7916;5 Mosinee Terrace
;Wilhelm;St. Quintin;860 275 4744;8 Loomis Avenue
;Pete;Willmetts;672 156 0787;4747 Jenna Point
;Teodoro;Papachristophorou;862 231 8395;35432 Springs Way
;Gustavo;Klaffs;378 439 2842;8 Morning Trail
;Rebekah;Gerish;636 663 6631;68833 Westridge Point
;Jeno;Einchcombe;480 411 2850;0 Main Center
;Pancho;Flisher;704 646 8427;71 Randy Lane
;Hayden;Pea;326 871 5952;73 Crowley Street
;Trever;Conquest;816 462 0183;01291 Susan Terrace
;Lin;Teas;298 410 5972;5 Haas Alley
;Zora;Antonopoulos;755 391 0735;2 Lyons Center
;Edlin;Hegel;788 241 2188;03 Rowland Hill
;Jacquie;Corderoy;233 406 0428;8 Cascade Street
;Kerstin;McPhee;411 726 1468;02 Lyons Road
;Cherie;Jerdein;341 303 1752;6700 Burning Wood Place
;Amalee;Rook;200 405 2957;38123 Montana Court
;Bryana;Nettleship;662 674 3928;0840 Norway Maple Place
;Cahra;Egdell;321 551 5112;1 Northland Court
;Andreana;Bebbington;950 244 8090;3 Jana Trail
;Irving;Riddall;650 486 9444;1 Hovde Hill
;Thalia;Inchbald;682 922 8529;3114 Golden Leaf Crossing
;Fawn;Cowdery;218 163 8772;63578 Grover Center
;Pattie;Casse;264 311 6119;2 Lindbergh Point
;Renelle;MacIlhargy;829 229 5132;4 Utah Circle
;Chelsea;Putterill;569 179 2754;3498 Morningstar Terrace
;Even;Imason;314 250 6558;52416 Gerald Pass
;Johnnie;Bresson;289 242 0139;94 Beilfuss Place
;Dorita;Whether;634 629 3821;180 Pond Place
;Kaspar;Arons;379 857 3231;191 Tony Avenue
;Meyer;Kunat;260 749 7442;87 Rieder Alley
;Bondon;Elletson;495 644 7885;0746 Rusk Crossing
;Buddy;Mingame;144 529 0720;18475 Butternut Circle
;Lucian;Peealess;305 516 8291;64 Sugar Alley
;Kaila;Rugieri;165 490 8067;50545 Messerschmidt Hill
;Jarred;Slessar;431 132 2976;65 Calypso Crossing
;Micheil;Narrie;986 656 6422;264 Chive Circle
;Kamilah;Derye-Barrett;579 727 7369;77982 Spaight Way
;Rae;Ruddy;667 372 3994;06724 Charing Cross Place
;Mahalia;Keegan;882 490 8105;1188 Eagan Plaza
;Scott;Smallshaw;999 948 9305;95 Meadow Valley Crossing
;Brent;Jailler;166 658 0505;28912 Mallory Street
;Heinrik;Andren;822 202 6500;2801 Dunning Point
;Sophronia;Palmer;437 867 8643;6095 Stang Avenue
;Jonas;Stanlick;673 873 5524;8746 Redwing Road
;Rex;Egginton;407 789 4851;45385 Scofield Junction
;Brantley;Morehall;407 394 9884;5134 Heffernan Place
;Paxon;Warrier;743 886 1515;687 Eagle Crest Way
;Sondra;Wiffler;163 106 4701;86 Valley Edge Junction
;Tabatha;Passo;652 894 3356;2999 Schiller Avenue
;Jackquelin;Cargo;957 503 1750;8098 Homewood Junction
;Ahmed;Killen;930 350 8033;31 Warbler Junction
;Kirsti;Breyt;255 112 9692;694 Hoard Plaza
;Kirby;Woolard;680 274 6171;773 Ridgeway Park
;Ed;Jindracek;776 235 6340;09871 Park Meadow Way
;Amie;Field;418 864 4983;38766 Gerald Pass
;Morlee;Coweuppe;931 491 4825;2 Upham Parkway
;Gaye;Angrick;851 672 1015;90 Southridge Road
;Joya;Mingasson;479 749 0523;17185 Judy Place
;Kaycee;O'Neill;934 764 3722;701 Barnett Street
;Yolanda;Dalmon;895 275 2499;965 Nova Circle
;Shirlene;Lewcock;244 602 0109;51882 Grasskamp Pass
;Luigi;Grigolashvill;395 253 5595;03675 Beilfuss Crossing
;Rozanna;Deeman;969 935 0338;810 Schlimgen Way
;Romona;Baxster;397 577 4473;34895 Merrick Avenue
;Marta;Vakhrushev;365 620 2544;2723 Hazelcrest Crossing
;Laurie;Tomsa;987 544 4932;95650 Oriole Junction
;Davita;Dugood;107 382 9843;59 Victoria Circle
;Renelle;Stother;360 399 1435;9 Northland Court
;Eyde;Manion;889 610 1411;6 Prairieview Place
;Darrin;Barrus;223 712 4384;7 Pleasure Crossing
;Matthias;Winter;469 290 6869;134 Claremont Alley
;Chickie;Hirtz;673 188 4563;9882 Ryan Junction
;Dael;Simone;915 110 6157;544 Johnson Court
;Merola;Tissington;823 452 3139;76 Vera Drive
;Fee;Attoc;195 294 5502;395 Dexter Park
;Aymer;Woolgar;816 202 1401;5371 Mockingbird Trail
;Luz;Forte;684 707 9504;11 Oakridge Park
;Antonella;Gommery;539 851 7677;072 Pankratz Center
;Regan;Tuplin;530 670 7270;4599 Ryan Lane
;Kamilah;Aires;640 155 5844;254 Oriole Center
;Lauryn;Swiggs;266 312 1707;7174 Knutson Drive
;Auroora;Gooderidge;251 926 3671;82 Mariners Cove Park
;Broderic;Folbig;371 637 2178;00603 Fulton Circle
;Kahaleel;Abrahams;661 678 7611;27835 Spohn Drive
;Margaret;Monck;570 634 1106;72 Harbort Road
;Ellary;Swaden;967 248 3337;41 Ohio Hill
;Robinia;Wyldbore;146 349 9285;8702 Kensington Drive
;Mariele;Tully;616 678 4287;0 Messerschmidt Circle
;Lorrie;Heningham;212 939 3179;2 Macpherson Park
;Madeleine;Emmott;868 495 6323;262 Blue Bill Park Circle
;Lise;Edmans;906 214 1567;2326 Kropf Avenue
;Erroll;Cockayme;474 595 1325;49 Calypso Crossing
;Yvette;Andreuzzi;916 859 5711;877 Hazelcrest Hill
;Monroe;Rohlf;805 785 6669;5045 Shopko Alley
;Pansie;Ramsby;740 713 4870;4215 Service Road
;Dimitry;Plitz;974 344 2389;4163 Village Lane
;Madelina;Tschirasche;185 340 0709;322 Forster Hill
;Crissy;Bullimore;265 514 4500;32 Bartillon Lane
;Rosina;Harcase;494 756 1507;9493 Sheridan Alley
;Wendi;Briztman;829 541 9687;29 Autumn Leaf Junction
;Kylie;Burthom;830 382 7119;870 Sunnyside Way
;Audrey;Playfoot;537 468 7534;721 Toban Trail
;Fredek;Tomaszewicz;901 325 5921;4551 Mayfield Lane
;Hedvige;Klassman;882 847 0832;1421 Buena Vista Plaza
;Abelard;Di Meo;245 456 0524;37 Iowa Trail
;Krista;Parkins;678 781 0410;43702 Gerald Way
;Holt;Pygott;599 563 7498;13 Dryden Crossing
;Glynda;Calender;909 164 8061;03116 Parkside Lane
;Brodie;Petrasek;168 439 9581;54151 Division Plaza
;Stacey;Jurisch;793 589 4731;08153 South Park
;Nero;Tivnan;612 716 3240;6530 Algoma Parkway
;Cortie;Ber;801 736 4893;2 Kings Junction
;Shawna;Yvon;787 100 1914;397 Victoria Alley
;Delly;Warters;535 278 0894;81 Artisan Point
;Shirline;Bockman;536 816 1513;1261 Heath Way
;Allis;Herculeson;704 687 0892;9559 Fulton Road
;Lib;Dobeson;325 760 8551;8967 Darwin Hill
;Bo;Strainge;687 988 3176;7398 School Hill
;Sylvester;Kaspar;245 377 6273;98 Shoshone Trail
;Halley;O'Breen;803 171 3239;16 Karstens Drive
;Horatio;Mussalli;104 363 7515;5375 2nd Way
;Ciro;Crosston;240 913 1462;12 Clyde Gallagher Parkway
;Tanny;Mishaw;718 539 3105;3 Oxford Plaza
;Sarene;Billsberry;307 261 3263;9723 Dryden Trail
;Jamison;Houltham;625 828 8243;10403 Jenifer Point
;Ketty;Ayerst;625 694 0398;72570 Monica Center
;Krishnah;Graver;402 941 9407;4 Mcguire Alley
;Leyla;Canaan;119 644 3113;43924 Rieder Court
;Etan;Riggert;545 857 3136;1 Pearson Parkway
;Ezri;Creffeild;453 745 6417;6 Killdeer Circle
;Smitty;Bjerkan;925 715 0944;9 Sachs Hill
;Ruthann;Golborne;303 371 4169;2936 Miller Park
;Shelton;Hanning;998 194 4701;534 Bellgrove Court
;Derek;Cogdell;523 679 0290;7 David Circle
;Celesta;Mitro;317 681 9525;909 Dixon Road
;Marcelle;Leyburn;583 437 6047;7697 Holy Cross Circle
;Victor;Caesman;835 217 9956;54657 Sherman Lane
;Griz;Habbema;822 790 5776;50299 Cambridge Street
;Giffard;Balchen;167 688 5994;39093 Algoma Plaza
;Warner;Brittles;243 856 2704;507 Dahle Crossing
;Dalli;Stagge;791 812 1271;4910 Duke Drive
;Letti;Waslin;320 664 4532;96 School Circle
;Adolf;Seyers;273 940 8395;4 Cottonwood Place
;Bartram;Stearne;808 287 0968;888 Elka Hill
;Bent;Casier;623 166 7151;4869 Hoard Street
;Britte;Alessandrelli;864 451 8203;15 Johnson Place
;Harry;Rendle;536 616 5978;33674 Golden Leaf Avenue
;Augusto;Edards;469 409 6204;9239 Heath Park
;Opalina;Wanne;916 981 0574;6 Trailsway Circle
;Russell;Scalia;938 697 4501;60 Garrison Place
;Eva;Stoffers;131 887 6474;96 Messerschmidt Street
;Gray;Smitton;431 997 9937;07 Green Ridge Alley
;Zulema;McGrah;578 256 6785;39 Chinook Hill
;Vasili;Pedroni;945 625 2055;708 Nova Point
;Hurley;Loffill;923 630 8963;0950 Granby Pass
;Natalya;Hartright;942 637 1351;77156 Hayes Point
;Clim;Sheldon;246 763 7224;1253 Sutteridge Plaza
;Benton;Threadgill;568 187 4299;5425 Express Circle
;Tamera;Chartres;289 996 4818;78 Annamark Place
;June;Jeannaud;472 625 1371;99 Pankratz Plaza
;Abbe;Stenet;477 442 2607;84944 Loeprich Way
;Kahaleel;Rainon;889 775 4942;9952 Novick Pass
;Ellsworth;Schuh;401 405 8264;570 Kinsman Road
;Demetri;Norquay;785 771 1817;3 Summer Ridge Alley
;Gael;Varley;333 852 3213;05 Lindbergh Street
;Jilli;Kynnd;375 216 1198;22376 Fremont Junction
;Shina;Pountney;931 846 1906;85117 Dryden Alley
;Roseanna;Mauvin;571 867 0581;130 Ohio Drive
;Kasey;Joyner;538 675 0395;35039 Saint Paul Lane
;Damon;Ollier;563 521 9953;4561 Thierer Way
;Lind;McGuigan;679 918 8961;844 Superior Trail
;Keri;Meininking;933 532 8696;6886 Donald Trail
;Bax;Bygate;826 461 8090;1350 Weeping Birch Court
;Ban;Tinton;203 227 7829;03 Muir Plaza
;Georgiana;Mawditt;571 456 9544;4 Comanche Street
;Aharon;Barnewelle;513 139 2378;3 Nevada Crossing
;Paquito;Ghilardi;873 527 6889;3 Claremont Circle
;Mitzi;Calverley;930 160 4646;9 Eggendart Park
;Amery;Wichard;416 844 9282;10 Becker Pass
;Bart;Sproule;954 544 8530;1 Westport Road
;Gus;Pieter;789 129 6505;91 Sunfield Trail
;Minnaminnie;Lugden;436 878 3007;676 Starling Terrace
;Bradley;Levay;499 957 3853;4 Jenifer Street
;Reuven;Abramcik;867 737 0523;0 Sullivan Terrace
;Vanna;MacAdie;468 648 9752;8723 Coleman Circle
;Harmonie;Broggetti;633 891 6507;395 John Wall Circle
;Stepha;Vallens;305 285 4357;7 Stephen Point
;Philippine;Burleigh;523 771 9950;9623 Mendota Alley
;Wadsworth;De Micoli;641 873 3143;9 Delladonna Center
;Elisabet;Rentalll;401 709 9059;9737 Johnson Pass
;Templeton;Kenaway;120 354 4101;1 Lyons Hill
;Eric;Schulter;742 478 6546;61456 Pepper Wood Road
;Paule;Kielt;233 116 7446;9676 Rigney Center
;Niels;Blythe;663 787 4970;88 Mcguire Plaza
;Catherine;Jedrych;988 349 0505;751 Spenser Terrace
;Davide;Verrick;626 692 5327;5672 Chinook Pass
;Lita;Cowins;540 315 4962;879 Lighthouse Bay Parkway
;Cherey;McLanaghan;271 207 0454;71 Grayhawk Center
;Web;Billin;325 332 7751;96460 Judy Court
;Alasteir;Harvatt;992 180 0129;43 South Hill
;Vyky;Westbury;132 330 9001;56 Fallview Plaza
;Matteo;Gregory;206 908 5504;03 Tennyson Alley
;Ginny;Woodison;416 207 4612;3002 Macpherson Lane
;Dominick;Golden;453 986 7237;4503 Thierer Plaza
;Shepherd;Carrick;986 914 3520;12189 Lien Drive
;Orel;Trimmill;655 950 3278;94548 Blue Bill Park Trail
;Petronille;Reaney;433 781 2467;2508 Grayhawk Way
;Archambault;Resun;473 981 6902;48 Red Cloud Hill
;Ken;Malyon;107 382 1360;234 Pine View Lane
;Dolf;Chiplen;517 826 0070;70 Gerald Parkway
;Rollin;Clilverd;844 616 7899;5 Butternut Place
;Lindsey;Singh;507 598 8469;1 Elmside Pass
;Ivan;Moncarr;444 761 8477;60 Truax Avenue
;Thibaud;Ranner;121 448 0311;47195 Sunfield Crossing
