id_proveedor;nombre;nombre_responsable
;Sanum Kehlbeck GmbH & Co. KG;Sephira Loffill
;REMEDYREPACK INC.;Ignacius Huncote
;AvPAK;Shawna Creswell
;Ricola Ag;Fairfax Danson
;Clinical Solutions Wholesale;Tannie Chasmoor
;STAT RX USA LLC;Darill Spendlove
;Wakefern Food Corporation;Rosabella Dahler
;Golden State Medical Supply, Inc.;Roscoe Forcer
;Bellegrove;Leisha Whelan
;Medsep Corporation;Rosalind Sabate
;Ningbo Correway Cosmetics Co., Ltd.;Marys Brendish
;Ventura Corporation (San Juan, P.R);Gabby Reddle
;B. Braun Medical Inc.;Kane Torry
;Stat Rx USA;Gabriell Blasgen
;Mylan Pharmaceuticals Inc.;Finn Sharper
;ALKAbello, Inc.;Amby Trewartha
;McKesson MedicalSurgical;Roxane Copnall
;Mutual Pharmaceutical Company, Inc.;Kerr Eveling
;Cipla Limited;Vinnie Merveille
;VIATREXX BIO INCORPORATED;Jeralee Colten
;Jubilant HollisterStier LLC;Zaccaria McGlynn
;St Marys Medical Park Pharmacy;Enriqueta Mountney
;Rebel Distributors Corp;Ursala Kenelin
;Insight Pharmaceuticals;Maritsa Pucker
;sanofiaventis U.S. LLC;Cyndia Hurst
;Albert Max, Inc.;Fowler Freer
;ALKAbello, Inc.;Pegeen Kellen
;KAISER FOUNDATION HOSPITALS;Randi Vile
;Kroger Company;Ali Craggs
;Nelco Laboratories, Inc.;Beatrix Geraudel
;Darby Dental Supply Co Inc;Guglielma Selbach
;Uriel Pharmacy Inc.;Morgen Rickford
;Patterson Dental Supply Inc;Hobart Marzella
;Biogen Idec Inc.;Shina Parmer
;NorthStar Rx LLC;Teddi Stirman
;REMEDYREPACK INC.;Kacie Perillio
;Aruba Aloe Balm, NV;Ignacio Dansken
;Arbonne International, LLC;Timmy Harrinson
;Liddell Laboratories, Inc.;Nananne McKyrrelly
;J. A. Cosmetics U.S. INC;Latisha Mathiot
;Profesional Disposables International, Inc.;Cyndia Lammerding
;BioActive Nutritional, Inc.;Cherish O'Dowd
;Vagabond Welding Supply;Stearn Washtell
;Legacy Pharmaceutical Packaging;Andreana Gamell
;Boots Retail USA Inc;Reinwald Braime
;Cardinal Health (Leader) 49781;Evie Carthew
;Cadila Healthcare Limited;Verene Murison
;Ranbaxy Laboratories Inc.;Leese De Paoli
;Sanum Kehlbeck GmbH & Co. KG;Bent Baynon
;Hospira, Inc.;Shir Bisterfeld
;Natural Health Supply;Kendall Machin
;Northwind Pharmaceuticals, LLC;Domenico Gentner
;Jubilant Cadista Pharmaceuticals Inc;Thorstein Cuseick
;AS Medication Solutions LLC;Corene Leavold
;ColgatePalmolive Canada;Ward MacLaughlin
;Procter & Gamble Manufacturing Company;Evangelin Jeafferson
;AS Medication Solutions LLC;Adorne Speight
;Purminerals;Julieta Wiltshire
;Kremers Urban Pharmaceuticals Inc.;Lulu Kondratenko
;Conopco Inc. d/b/a Unilever;Murdock Sapena
;Nan Mei Pharmaceutical Co., Ltd.;Fonzie Harpur
;Empack Spraytech Inc.;Brittany Goulthorp
;TYA Pharmaceuticals;Humbert Napper
;Pure Source, Inc.;Goldi Schwant
;Greenstone LLC;Adriena Rolfo
;Sancilio & Company Inc;Trip Ethington
;American Regent, Inc.;Berk Marchant
;PDRx Pharmaceuticals, Inc.;Barr Husset
;Pliva Inc.;Blaine Missen
;S & S Primeline Chemical Systems;Hazel Massow
;Teva Pharmaceuticals USA Inc;Alastair Tulley
;Moore Medical LLC;Vita Lethley
;Seton Pharmaceuticals;Dorolisa Shaplin
;PuraVation Pharmaceuticals Inc;Delcina Huke
;Apotheca Company;Kennett Gero
;STAT Rx USA LLC;Loise Walburn
;Pharmaceutical Associates, Inc.;Myrtie Wand
;PDRx Pharmaceuticals, Inc.;Essa Duprey
;WalMart Stores Inc;Tabina Wiffill
;Bare Escentuals Beauty Inc.;Minerva Woolen
;Deseret Biologicals;Prince Remer
;DOCTOR HOY'S, LLC;Breanne Hazelgrove
;Antigen Laboratories, Inc.;Carlotta Riddock
;Life Line Home Care Services, Inc.;Nicolette Gouldeby
;Amneal Pharmaceuticals;Cymbre Milhench
;Nelco Laboratories, Inc.;Monica Vayro
;Mylan Institutional Inc.;Jeanna Gopsill
;MSD Consumer Care, Inc.;Herminia Allaway
;SAS Healthcare Inc;Drugi Lindup
;State of Florida DOH Central Pharmacy;Feodora Addyman
;Space Brands Limited;Lorenza Roth
;Preferred Pharmaceuticals, Inc.;Brenn Wooderson
;Dr Reddys Laboratories Inc;Dicky Rosencwaig
;ALKAbello, Inc.;Wenonah Haddrell
;CLINIQUE LABORATORIES INC;Sibbie Belliss
;Zydus Pharmaceuticals (USA) Inc.;Maria Tschirasche
;Neutrogena Corporation;Geoff Scroggs
;Deb USA, Inc.;Jemmy Zuann
;H.J. Harkins Company, Inc.;Virgil Flood
;AvKARE, Inc.;Georgeanna Hinkes
;Actavis Pharma Manufacturing Pvt. Ltd.;Archibold Galego
;Mylan Pharmaceuticals Inc.;Gay Grigson
;NASHFINCH COMPANY;Hedvige Dugald
;Bobbi Brown Professional Cosmetics Inc.;Danica Priel
;Cardinal Health;Reamonn Mayor
;Dynamic Pharmaceuticals Inc.;Joceline Napoli
;Qualitest Pharmaceuticals;Winn Durrand
;AS Medication Solutions LLC;Engracia Beebis
;Kinray Inc;Augustin McGilvary
;Golden State Medical Supply, Inc.;Lon Tremolieres
;REMEDYREPACK INC.;Eadmund Edon
;Dr.Reddy's Laboratories Limited;Kiri Yourell
;Wuxi Medical Instrument Factory;Jedediah Iddon
;Teva Pharmaceuticals USA Inc;Lily Gertz
;Quality Home Products;Teodora MacLure
;Clinical Solutions Wholesale;Lezley Elegood
;Kinray Inc.;Gabriello Authers
;Hospira, Inc.;Cortney Antoszczyk
;Idelle Labs, Ltd;Thornie LaBastida
;American Regent, Inc.;Antonie Bruckenthal
;Major Pharmaceuticals;Susana Westby
;Mylan Institutional LLC;Conny Stranks
;Nico Worldwide, Inc.;Leighton Sleeny
;Rugby Laboratories;Charlena Cumo
;Carilion Materials Management;Pete Noar
;AAA Pharmaceutical, Inc.;Judon Strotton
;Nelco Laboratories, Inc.;Elroy Phythien
;Kroger;Remington Pollicott
;Qualitest Pharmaceuticals;Joellen Gazzard
;Mylan Pharmaceuticals Inc.;Gabriell McKenny
;Carilion Materials Management;Nickey Cozins
;REMEDYREPACK INC.;Allsun Suffield
;HOMEOLAB USA INC.;Prentiss Duley
;Pfizer Laboratories Div Pfizer Inc;Kelli Wearne
;Conopco Inc. d/b/a Unilever;Ragnar Lohering
;Nomax Inc.;Jerrylee Veldens
;Uriel Pharmacy Inc.;Rurik Draisey
;Dong Sung Pharm Co., Ltd.;Eunice Atthowe
;REMEDYREPACK INC.;Stephanie Linge
;Physicians Total Care, Inc.;Annabal Delong
;Allergy Laboratories, Inc.;Suki Karlsen
;Dolgencorp, Inc. (DOLLAR GENERAL & REXALL);Alana Dewhirst
;Cardinal Health;Poul Mitskevich
;Sandoz Inc;Garry Thornham
;CVS Pharmacy;Britte Klimt
;REMEDYREPACK INC.;Lorita Janway
;Aidarex Pharmaceuticals LLC;Der Ritter
;REMEDYREPACK INC.;Ilysa Fingleton
;REMEDYREPACK INC.;Amalee MacGaffey
;ALKAbello, Inc.;Artemis Febvre
;STAT Rx USA LLC;Hubey Hurford
;Cardinal Health;Nathanial Bletso
;RITE AID CORPORATION;Gabby Flatt
;Lake Erie Medical Surgical & Supply DBA Quality Care Products LLC;Chauncey Leguay
;Supervalu, Inc;Faydra McAw
;Clinical Solutions Wholesale;Ave Beddard
;Forest Laboratories, Inc;Wendell Klampk
;C.O. Truxton, Inc.;Dinah Banstead
;Preferred Pharmaceuticals, Inc.;Meagan Roath
;Watson Pharma, Inc.;Nyssa Dooler
;Nature's Innovation, Inc.;Magda Lowless
;GM PHARMACEUTICALS,INC;Jude Rosendorf
;Nelco Laboratories, Inc.;Babb Scott
;Actavis Pharma, Inc.;Yelena Basketfield
;Bestco, Inc.;Luke Darwent
;Warner Chilcott (US), LLC;Abbi Glenton
;ALKAbello, Inc.;Hoyt Rowlands
;Pfizer Laboratories Div Pfizer Inc;Ingrim Hopkyns
;Janssen Pharmaceuticals, Inc.;Howey Meeus
;Melaleuca, Inc.;Tate Tumelty
;AvPAK;Fraze Olivet
;Alaven Pharmaceutical LLC;Bernardo Prin
;Baxter Healthcare Corporation;Veradis Widmore
;Watson Laboratories, Inc.;Fannie Penkman
;L. Perrigo Company;Isidore Augie
;Insight Pharmaceuticals;Lani Hazelhurst
;Teva Parenteral Medicines, Inc.;Deloria Velden
;Boots Retail USA Inc;Artemas Britton
;Mylan Pharmaceuticals Inc.;Andie Devonish
;United Therapeutics Corporation;Stern Koppel
;Nova Homeopathic Therapeutics, Inc.;Helenelizabeth Mcasparan
;Dr. Reddy's Laboratories Limited;Lindsey Skermer
;Mylan Pharmaceuticals Inc.;Hollie Parslow
;Nelco Laboratories, Inc.;Theo Livezley
;ALKAbello, Inc.;Gratiana Dymond
;Prasco, Laboratories;Georgie Staner
;Rugby;Hasheem Gregs
;State of Florida DOH Central Pharmacy;Vanni Moralee
;Pharmacia and Upjohn Company;Philippe Hasney
;CVS Pharmacy Inc;Karena Simoneschi
;CCA Industries, Inc.;Judas Mc Gaughey
;Contract Pharmacal Corp;Dotti Caughte
;Matheson TriGas, Inc.;Adriaens McQuode
;Lake Erie Medical DBA Quality Care Products LLC;Guy Fessler
;Smith & Nephew, Inc.;Carmine Tiptaft
;New World Imports, Inc;Delmar Broe
;HANLIM PHARM. CO., LTD.;Magda Slatten
;Lake Erie Medical DBA Quality Care Products LLC;Dre Boddis
;Golden State Medical Supply, Inc.;Gabie McAmish
;Physicians Total Care, Inc.;Aldric Gutridge
;Kutol Products Company, Inc.;Arlinda Cardiff
;Physicians Total Care, Inc.;Farr Durram
;Carilion Materials Management;Aube Antoniewski
;WraSer LLC;Gracia Curbishley
;Zep Inc.;Harriott Siddele
;AvKARE, Inc.;Micaela Tolliday
;Nelco Laboratories, Inc.;Walliw Keller
;Teva Pharmaceuticals USA Inc;Igor Frizzell
;Reckitt Benckiser LLC;Valry By
;People's Janitorial Supply;Perri Spancock
;Akorn, Inc.;Tatiania Kitchenman
;AMI Cosmetic Co.,Ltd.;Oates O'Brollachain
;Procter & Gamble Manufacturing Company;My Abela
;Allermed Laboratories, Inc.;Justis Cardnell
;Nelco Laboratories, Inc.;Mireille Kayser
;Shopko;Happy Franchioni
;Lifetech Resources, LLC;Nevins Brugden
;REMEDYREPACK INC.;Laney Iacovozzo
;ALKAbello, Inc.;Junina Lamminam
;McLaren Medical;Charla Wormell
;Unit Dose Services;Mignon Pahl
;Dolgencorp Inc;Zollie Baldery
;Blenheim Pharmacal, Inc.;Waite Travis
;GenSource Rx;Julienne Gilli
;Nelco Laboratories, Inc.;Ogdan Simnett
;ALKAbello, Inc.;Gianni Reed
;Physicians Total Care, Inc.;Fidela Purrier
;Bath & Body Works, Inc.;Barty Vereker
;Pack Pharmaceuticals LLC;Rania Prophet
;Genlabs Corporation;Bernard Sallinger
;Physicians Total Care, Inc.;Aviva Baudi
;Kroger Company;Jo-anne Hudd
;REMEDYREPACK INC.;Arlen Gerding
;Teva Pharmaceuticals USA Inc;Rolland Longmead
;Carilion Materials Management;Denice Butterick
;Rejoice International;Boony Krysztowczyk
;Mylan Pharmaceuticals Inc.;Randy Dispencer
;EQUATE (Walmart Stores, Inc.);Hanson Rising
;Covis Pharmaceuticals, Inc.;Agata Blacklawe
;Nelco Laboratories, Inc.;Tiffy Francioli
;Topco Associates LLC;Sigismundo Campanelli
;Sandoz Inc;Mariele Byfford
;Johnson & Johnson Healthcare Products, Division of McNEILPPC, Inc.;Roze Krop
;Ranbaxy Pharmaceuticals Inc.;Georgi Kippins
;WIZCOZ CORPORATION LTD;Lamond Segge
;REMEDYREPACK INC.;Cyb Goldsby
;Preferred Pharmaceuticals, Inc;Curran Abson
;Speer Laboratories, LLC;Carri Freddi
;GUANGXI YULIN PHARMACEUTICAL GROUP CO LTD;Cull Geddis
;Nelco Laboratories, Inc.;Sydney Flade
;Premier Medical Distribution;Taryn Alekseicik
;Lake Erie Medical DBA Quality Care Products LLC;Allie Ortmann
;Wyeth Pharmaceuticals Company;Nadeen Benbough
;Clinical Solutions Wholesale;Grissel Paulich
;UDL Laboratories, Inc.;Rance Sissens
;Antigen Laboratories, Inc.;Mavis McCloud
;Mallinckrodt Inc.;Darill Bryer
;WOCKHARDT LIMITED;Broderick Wetheril
;Physicians Total Care, Inc.;Benita Banbrigge
;Nelco Laboratories, Inc.;Jodi Stelfax
;Greenbrier International, Inc.;Ruperto Eddison
;Rebel Distributors Corp;Aimil Lemanu
;Mylan Institutional Inc.;Marlane Welchman
;AvPAK;Blaine Beckmann
;American Health Packaging;Abraham Margrie
;Walgreen Company;Pasquale Darlow
;Antigen Laboratories, Inc.;Mattie Cathenod
;AS Medication Solutions LLC;Marguerite Scotti
;Bobbi Brown Professional Cosmetics Inc.;Maxy Ellin
;WalMart Stores Inc;Candis Fernandes
;Nelco Laboratories, Inc.;Barney Sedgemore
;Septodont Inc.;Belle Yele
;Nelco Laboratories, Inc.;Donielle Mitchely
;McKesson;Griffy Martina
;Apotheca Company;Amberly Wynne
;Bryant Ranch Prepack;Valma Crosier
;Physicians Total Care, Inc.;Dorian Robyns
;King Bio Inc.;Trueman Bartel
;H E B;Marielle Liebermann
;TriCoastal Design Company Inc.;Hadria Couper
;Indiana Botanic Gardens;Dyana Kewish
;Feelgood Health;Carrol Gurton
;AMOREPACIFIC;Charlotta Napoli
;Zee Medical Inc;Pen Kilford
;Lake Erie Medical DBA Quality Care Products LLC;Aigneis Largen
;Enchante Accessories;Fabien Jakoubec
;LG Household and Healthcare, Inc.;Egan Hasselby
;Sagent Pharmaceuticals;Rica Stockman
;Mylan Pharmaceuticals Inc.;Brian Borres
;ViJon;Wilbur Luparti
;Walgreens Company;Mala Sebyer
;Aaron Industries, Inc.;Christie Kolushev
;NARS COSMETICS;Zahara Foucher
;MKR International Inc;Lynea Conradsen
;Tween Brands Inc;Bancroft Whitelaw
;Mylan Institutional Inc.;Gage Tupper
;Jubilant HollisterStier LLC;Dennis Reneke
;Spartan Chemical Company;Gianna Wintour
;Harris Teeter;Rutherford MacVean
;Bryant Ranch Prepack;Essa Getty
;Kareway Product, Inc.;Dominique Jakel
;Carilion Materials Management;Bea Birkin
;Akrimax Pharmaceuticals, LLC;Aile Kinnie
;Mylan Institutional Inc.;Beverlie Maddox
;Sun Pharma Global FZE;Christopher Perrygo
;Teva Select Brands;Heidi Blagbrough
;EMD Serono, Inc.;Federica Drysdell
;Zila Therapeutics, Inc.;Orbadiah Porkiss
;Two Hip Consulting, LLC;Fernando Amey
;WestWard Pharmaceutical Corp;Arv Kuban
;Dukal Corporation;Ursola Brimham
;Sun & Skin Care Research, LLC;Jarad Lysaght
;AMI Cosmetic Co.,Ltd.;Urban Pheasey
;Mylan Pharmaceuticals Inc.;Adey MacKaig
;Humco holding Group, Inc.;Damiano Ben-Aharon
;Target Corporation;Alexei Rumbold
;Mayinglong Pharmaceutical Group Co Ltd;Charin Abbiss
;XOMA (US) LLC;Hercules Wogdon
;Nelco Laboratories, Inc.;Beau Inchley
;KANEBO COSMETICS INC;Wake Gallety
;Physicians Total Care, Inc.;Tammara Hazael
;Cardinal Health;Fionnula Grix
;DZA Brands LLC;Shannan Bedham
;Reckitt Benckiser;Ginny Shand
;Sandoz Inc;Laurene Frackiewicz
;Antigen Laboratories, Inc.;Armando Klinck
;Rugby Laboratories, Inc.;Natty Musker
;Onset Dermatologics, LLC;Lexine Darey
;RAANI CORPORATION;Buffy Michin
;MineralBio;Daron Gurge
;Geritrex Corp;Michaelina Taylour
;McKesson;Will Dorman
;Fresenius Medical Care North America;Shayne Mendonca
;Reckitt Benckiser LLC;Herby Muneely
;Rite Aid;Marylin Shearn
;Teva Parenteral Medicines, Inc.;Dael Turrell
;Cardinal Health;Andi Kordovani
;Dr. Reddy's Laboratories Limited;Claudius Corballis
;Uriel Pharmacy Inc.;Meridel Hehir
;Rite Aid Corporation;Maddy Haskey
;Jernigan Healthcare, Inc.;Toddy Bumphrey
;Parfums Christian Dior;Winnie Perl
;Diversapack of Monroe, LLC;Fenelia Beddoes
;Lofthouse of Fleetwood, Ltd.;Enrique Shears
;Cardinal Health;Gordon Gibbonson
;Glenmark Generics Inc., USA;Ellswerth Biggins
;Hikma Pharmaceutical;Perry Mabey
;HOMEOLAB USA INC;Fawnia Breston
;Northwind Pharmaceuticals;Nadean Bartolozzi
;Moore Medical LLC;Delcine Croster
;Tarte, Inc;Yvonne Courcey
;Ebewe Parenta Pharmaceuticals Inc;Lauren Dorn
;Wockhardt USA LLC.;Beryle Kennedy
;ORIGINS NATURAL RESOURCES INC.;Hendrik Bradburne
;HOMEOLAB USA INC;Jazmin Housecraft
;Reckitt Benckiser LLC;Franklin Pashen
;Sandoz Inc;Seamus Willett
;Darby Dental Supply Co Inc;Sherlock McNiven
;St Marys Medical Park Pharmacy;Evin Ithell
;GeriCare Pharmaceutical Corp;Dell Chittie
;Renaissance Pharma, Inc.;Jeniece Chesson
;Lake Erie Medical & Surgical Supply DBA Quality Care Products LLC;Rooney Charette
;Physicians Total Care, Inc.;Anne-marie Garbutt
;Levlad LLC;Ronnie Esby
;Hospira, Inc.;Rosamund Satchell
;SHISEIDO CO., LTD.;Win Putten
;Pharmacia and Upjohn Company;Arie Chiverton
;American Sales Company;Mortimer Skeemer
;Ultradent Products, Inc.;Aguie Nelles
;MedCare Group LLC;Hillie Shopcott
;Sandoz Inc;Teresa Delgaty
;GlaxoSmithKline Consumer Heathcare LP;Koral Garvan
;Jubilant HollisterStier LLC;Annabela Trank
;Walgreen Company;Free Tweedy
;Amerisource Bergen;Efren Huntington
;Bryant Ranch Prepack;Kathye Bumby
;CSL Behring GmbH;Luther Robardley
;Antigen Laboratories, Inc.;Woodrow Caulton
;Rebel Distributors Corp;Bernie Overington
;H E B;Adi Treppas
;OMP, INC.;Skelly Falshaw
;Meijer Distribution Inc;Ezri Picardo
;Lake Erie Medical DBA Quality Care Products LLC;Robenia Chantler
;Cardinal Health;Avivah Beedell
;AvKARE, Inc.;Easter Stiebler
;TOPCO ASSOCIATES LLC;Beckie Witheford
;Uriel Pharmacy Inc.;Leupold Broker
;Amphastar Pharmaceuticals, Inc.;Junette Maso
;AbbVie Inc.;Grier Tams
;MedHealth Pharma, LLC;Corey Kira
;NUGA MEDICAL CO., LTD.;Kathy Ainsley
;Physicians Total Care, Inc.;Beverly Ailsbury
;Bryant Ranch Prepack;Jacques Turfitt
;Cardinal Health;Minnnie Blincko
;Hayden Caleel LLC;Courtney Slimings
;Rebel Distributors Corp;Calypso Campey
;Aplicare, Inc.;Bobbee Dran
;Teva Pharmaceuticals USA Inc;Stace Gouldstone
;CVS Pharmacy;Jon Battison
;Physicians Total Care, Inc.;Lari Newcombe
;Hospira, Inc.;Wyatt Humblestone
;Pfizer Consumer Healthcare;Broderick Rosling
;Silarx Pharmaceuticals, Inc;Vida Reddy
;UpsherSmith Laboratories, Inc.;Hartley Samart
;Fera Pharmaceuticals;Lenette Helsdon
;sanofiaventis U.S. LLC;Tull Barkworth
;Amerisource Bergen;Germaine Bumpass
;McKesson;Hedi Teanby
;Lake Erie Medical DBA Quality Care Products LLC;Marline Feaver
;Crosstex International Inc.;Crystal Brodbin
;Sagent Pharmaceuticals;Bertina Girardoni
;Nelco Laboratories, Inc.;Christine Wheatman
;Amphastar Pharmaceuticals, Inc.;Myrtle Legion
;Carestream Health, Inc.;Arin Clemenson
;McNeil Consumer Healthcare Div McNeilPPC, Inc;Kissie Harrod
;Bayer HealthCare LLC, Consumer Care;Patrizius Goudge
;Laura Geller Beauty, LLC;Mirabella Brettell
;Valley Medical Shoppe;Maura Thamelt
;PDRx Pharmaceuticals, Inc.;Pooh Clinch
;Physicians Total Care, Inc.;Ingeberg Schurig
;Clientele, Inc.;Alonzo Jost
;Kinray LLC;Freida Delafont
;REMEDYREPACK INC.;Talyah Kordt
;WellSpring Pharmaceutical Corporation;Hayley Lawson
;GlaxoSmithKline LLC;Darrick Eisikovitsh
;Nelco Laboratories, Inc.;Tucky Chomiszewski
;Origin Biomed Inc;Eldridge Gabotti
;Amneal Pharmaceuticals of New York, LLC;Lavinie Muress
;Torrent Pharmaceuticals Limited;Giorgi Lammenga
;Lake Erie Medical DBA Quality Care Products LLC;Rafaellle Cavalier
;Greenstone LLC;Carl Bewick
;AR Medicom Inc;Leora Avery
;Procter & Gamble Manufacturing Company;Fern Habbershon
;TYA Pharmaceuticals;Elsi Sivill
;Insight Pharmaceuticals;Estella Frandsen
;C.F.E.B. Sisley;Pat Doggett
;NCS HealthCare of KY, Inc dba Vangard Labs;Reyna Bernolet
;SHISEIDO AMERICAS CORPORATION;Lotte Pennycook
;Uriel Pharmacy Inc.;Isis Stribbling
;Flutrends International Corporation;Corby Panton
;BioActive Nutritional Inc.;Alejandro Englefield
;Sanofi Pasteur Inc.;Aloysius Brogiotti
;Macoven Pharmaceuticals;Jessalyn Simanenko
;Teva Parenteral Medicines, Inc;Tamra Hearnshaw
;AS Medication Solutions LLC;Tandy Clericoates
;AvPAK;Rollie Adger
;HyVee Inc;Dedie Rubinsaft
;Phillips Company;Zaria Cockshutt
;McKesson Contract Packaging;Cedric Brashaw
;Antigen Laboratories, Inc.;Norina Smoth
;Rugby Laboratories Inc;Leopold Garratt
;Clinical Solutions Wholesale;Buffy Weld
;Deseret Biologicals, Inc.;Jesse Pyffe
;Major Pharmaceuticals;Drusilla Nevin
;Ventura Corporation (San Juan, P.R);Page Thunders
;SanofiAventis U.S. LLC;Bartlett Marron
;Accord Healthcare Inc.;Beatrisa Crammy
;Physicians Total Care, Inc.;Imogene Ungerecht
;MEGASOL COSMETIC GMBH;Griff Satteford
;Actavis Elizabeth LLC;Christabel Bellham
;BioActive Nutritional, Inc.;Hattie Gammon
;Lupin Pharmaceuticals, Inc.;Mata Josovich
;Novartis Pharmaceuticals Corporation;Angeli Moring
;THE KROGER COMPANY;Elmo Dulinty
;Mylan Pharmaceuticals Inc.;Gussie Canizares
;Golden State Medical Supply, Inc.;Kele Eliasson
;Advanced Generic Corporation;Bordie Cawley
;DZA Brands LLC;Janek Gyurkovics
;WOCKHARDT LIMITED;Colet Tamplin
;Clinical 1 Home Medical, Inc.;Sander Perdue
;Nelco Laboratories, Inc.;Blakelee Westrey
;Physicians Formula Inc;Barn Whitchurch
;Maine Oxy Acetylene Supply Co., Inc.;Olympia Stenbridge
;US Pharmaceutical Corporation;Olivier Yesinov
;CHANEL PARFUMS BEAUTE;Barton Olander
;Unifirst First Aid Corporation;Elvina Gatenby
;AvPAK;Thalia Lamont
;Reese Pharmaceutical Co;Clayborne Broadbury
;Ventura International Ltd;Denyse Shakelady
;bryant ranch prepack;Frannie Glanfield
;Novartis Pharmaceuticals Corporation;Thor Kell
;Uriel Pharmacy Inc.;Gladi Dowdam
;KRAMER NOVIS;Sheila O'Doherty
;Food Lion;Margery Dayes
;Blenheim Pharmacal, Inc.;Abdul Killimister
;RITE AID CORPORATION;Lamar Maytom
;Cardinal Health;Gayel Amor
;RedPharm Drug Inc.;Clarance Bryers
;E. Fougera & Co. a division of Fougera Pharmaceuticals Inc.;Rania Noirel
;Teva Pharmaceuticals USA Inc;Gardiner Dewen
;Geritrex Corp.;Gareth Regorz
;Eli Lilly and Company;Minda Pllu
;Mylan Pharmaceuticals Inc.;Corabel Duddan
;Laboratoires Boiron;Tiebold Joddins
;SJ Creations, Inc.;Gavan Ouver
;McKesson Packaging Services a business unit of McKesson Corporation;Olav Duffell
;BD Rx Inc.;Jordan Mossom
;Westward Pharmaceutical Corp;Delmer Armal
;Apotheca Company;Colette Cleef
;WalMart Stores Inc;Mycah Bevans
;ProPhase Labs, Inc.;Sigmund Littlemore
;Blenheim Pharmacal, Inc.;Marcelline Lamprecht
;McKesson Packaging Services a business unit of McKesson Corproration;Vanna Paxton
;US Pharmaceutical Corporation;Mignonne Birchill
;Taro Pharmaceuticals U.S.A., Inc.;Elena Lindwasser
;Colgate Palmolive Company;Amber Dosedale
;Natural Health Supply;Stearn de Guerre
;Jubilant HollisterStier LLC;Josefina Lineen
;Nelco Laboratories, Inc.;Philomena Scowcraft
;Antigen Laboratories, Inc.;Webster Mallaby
;Tarte Inc;Simona Onge
;Aurobindo Pharma Limited;Kiri Alty
;American Sales Company, Inc.;Alphonso Cordsen
;Cantrell Drug Company;Dorotea Horsell
;Nelco Laboratories, Inc.;Brandea Newing
;Tamnamo Co., Ltd;Hestia Janacek
;Uriel Pharmacy Inc.;Nellie Whimpenny
;Aphena Pharma Solutions  Tennessee, LLC;Filmore Posten
;P and L Development of New York Corporation;Vonni Toop
;Eli Lilly and Company;Lonnard Nolan
;Jazz Pharmaceuticals Commercial Corp.;Trey Gouth
;Costco Wholesale Company;Donni Akenhead
;Boots Retail USA Inc;Had Gercken
;REMEDYREPACK INC.;Anita Lillee
;KANEBO COSMETICS INC;Pennie Darwent
;Kroger Co;Tymon Rilton
;Allergy Laboratories, Inc.;Mandy Higgan
;McKesson Packaging Services Business Unit of McKesson Corporation.;Bobine De La Coste
;Antigen Laboratories, Inc.;Maurene Bradbrook
;Baxter Healthcare Corporation;Lianna Curr
;Ventura Corporation LTD;Olivie Probert
;Mallinckrodt, Inc.;Denise Cormode
;Medtech Products Inc.;Rhodie Carradice
;Torrent Pharmaceuticals Limited;Florina Cavanagh
;Par Pharmaceutical Companies, Inc.;Merl Coltherd
;Rite Aid Corporation;Brooks Rochester
;GenSource Rx;Starr Fallows
;AMI Cosmetic Co.,Ltd.;Titos Forsdike
;AS Medication Solutions LLC;Husein Gowing
;SPIRIT PHARMACEUTICALS,LLC;Ansell Eagles
;Antigen Laboratories, Inc.;Gerardo Arthan
;ColgatePalmolive Canada;Carolynn Grigor
;Heel Inc;Lin Stonehouse
;REMEDYREPACK INC.;Dorothee Minogue
;King Bio Inc.;Herrick Shorie
;General Injectables & Vaccines, Inc.;Janeva Barrowcliffe
;Apotheca Company;Reilly Robardet
;GOWOONSESANG COSMETICS CO., LTD.;Reeta Mylechreest
;Qualitest Pharmaceuticals;Nicolette Joselevitz
;Apotheca Company;Garrott Pursey
;Perrigo New York Inc;Jobie Ianne
;PDRx Pharmaceuticals, Inc.;Marshall Peltzer
;PURMINERALS;Felice Juanes
;The Procter & Gamble Manufacturing Company;Willey Drable
;Deseret Biologicals, Inc.;Dev McReedy
;UpsherSmith Laboratories, Inc.;Lyon McCormick
;Jets, Sets, & Elephants Beauty Corp.;Michale Sawdy
;Johnson & Johnson Conosumer Products Company, Division of Johnson & Johnson Consumer Companies, Inc.;Leland Stockey
;AS Medication Solutions LLC;Katerine Lidgley
;Bottega di Lungavita Srl;Aridatha Vaar
;AS Medication Solutions LLC;Jo ann Fibbens
;American Sales Company;Brina Donne
;Parfums Christian Dior;Samaria Adie
;Reckitt Benckiser LLC;Graham Minister
;Shop Rite;Templeton Portam
;L. Perrigo Company;Tristan Teacy
;Cardinal Health;Freedman Sawood
;Jubilant HollisterStier LLC;Scot Finneran
;Midlink LLC;Erinn Carlino
;NCS HealthCare of KY, Inc dba Vangard Labs;Dennet Waddingham
;E.R. Squibb & Sons, L.L.C.;Rochell Seedull
;Sandoz Inc;Mario Stentiford
;AvKARE, Inc.;Annnora Austick
;Koh Gen Do USA, Inc;Jethro Agar
;KAISER FOUNDATION HOSPITALS;Colline Ellesworthe
;The Kroger Co.;Dionisio Colleer
;Conopco Inc. d/b/a Unilever;Carilyn Barhims
;Global Pharmaceuticals;Killian Thornhill
;Apotex Corp.;Ewen Aldiss
;Nelco Laboratories, Inc.;Ardene Rubinovici
;Preferred Pharmaceuticals, Inc.;Lurette Tallow
;Preferred Pharmaceuticals, Inc.;Alma Boutcher
;Physicians Total Care, Inc.;Dyane Rowthorn
;Rebel Distributors Corp;Jasper Lumsdaine
;REMEDYREPACK INC.;Hulda Siggin
;ALKAbello, Inc.;Jeremie Farncomb
;McKesson;Lovell Langthorne
;Cardinal Health;Karlen Werrilow
;Topco Associates LLC;Sayers Matovic
;DZA Brands, LLC;Marjy Collomosse
;Jubilant HollisterStier LLC;Mitchael Brock
;Amphastar Pharmaceuticals, Inc.;Christean Rabbet
;Teva Pharmaceuticals USA Inc;Bertie Cornelis
;Mckesson (Health Mart);Sheila-kathryn Antal
;Sandoz Inc;Bennett MacCarter
;STAT RX USA LLC;Annamaria Castagneto
;Fresenius Kabi USA, LLC;Maurene Cleall
;Lupin Pharmaceuticals, Inc.;Thibaut Van der Veldt
;Unit Dose Services;Melesa Selbie
;Rebel Distributors Corp.;Brunhilda Buffery
;Aphena Pharma Solutions  Tennessee, LLC;Cassandra Haskey
;Mylan Pharmaceuticals Inc.;Darren Jahan
;Newton Laboratories, Inc.;Jedediah Abrahams
;Wockhardt Limited;Ayn Foulds
;Harmon Stores Inc.;Josselyn Bastone
;WestWard Pharmaceutical Corp.;Agnesse Burgin
;AvKARE, Inc.;Briano Atley
;Paddock Laboratories, Inc.;Clywd Kencott
;Qualitest Pharmaceuticals;Kendell Puddin
;DZA Brands,;Warner Chatwin
;APP Pharmaceuticals, LLC;Conant Bavin
;Therapon Skin Health, LP;Raddie Fowell
;Carilion Materials Management;Marchelle Pennycord
;Antigen Laboratories, Inc.;Emery Walthall
;Perrigo New York Inc;Halette Meadway
;Valeant Pharmaceuticals North America LLC;Dewie Sherrock
;ALKAbello, Inc.;Ruthy Dracksford
;Family Dollar Services Inc;Sofia Kuhwald
;H E B;Kacy Rapo
;P and L Development of New York Corporation (ReadyInCase);Reade Rosbrough
;Sandoz Inc;Gladys Sweetzer
;State of Florida DOH Central Pharmacy;Gale Jeckell
;REMEDYREPACK INC.;Reilly Schust
;AS Medication Solutions LLC;Clemmy O'Hogertie
;Chain Drug Marketing Association;Mahala Lochran
;Greenstone LLC;Ardella Arnot
;Proficient Rx LP;Nealon Zuker
;L. Perrigo Company;Ulberto Drakers
;Shield Line LLC;Byron Winchcum
;StarCap Medical Private Limited;Dena Billo
;Safeway;Carolann Ickov
;Bath & Body Works, Inc.;Benji Dabnot
;Sun Pharmaceutical Industries Limited;Shellysheldon Ferrario
;The Dial Corporation;Conrado Kinneir
;Antigen Laboratories, Inc.;Abner Jenkyn
;Western Family Foods Inc;Angelica Hardwin
;Bryant Ranch Prepack;Roy Lempertz
;Teva Women's Health, Inc.;Teador Farthin
;B. Braun Medical Inc.;Cammy Houlison
;Actavis Kadian LLC;Cole Kuhnt
;King Bio Inc.;Cori Symones
;Zydus Pharmaceuticals (USA) Inc.;Ina Moohan
;Rebel Distributors Corp;Ellary Flewin
;BluePoint Laboratories;Roley Grimley
;Baxter Healthcare Corporation;Perla Colmore
;Antigen Laboratories, Inc.;Georgeanne Basili
;REMEDYREPACK INC.;Mike Tabary
;Westward Pharmaceutical Corp;Trudie Matityahu
;Exchange Select;Cirillo Jelley
;ALKAbello, Inc.;Gavrielle Fere
;Gemini Pharmaceuticals, Inc. dba Plus Pharma;Eada Erlam
;Aidarex Pharmaceuticals LLC;Ursa Vonasek
;REMEDYREPACK INC.;Raimund Simek
;WalMart Stores Inc;Eduard Catenot
;Pfizer Laboratories Div Pfizer Inc;August Knottley
;Teva Pharmaceuticals USA Inc;Ansel Alessandone
;Rebel Distributors Corp;Iris Merryman
;Pioneer Associates;Marlin Talks
;REMEDYREPACK INC.;Julius Armistead
;Aurobindo Pharma Limited;Sydelle Hagston
;Donovan Industries, Inc.;Nettie MacDuffie
;AS Medication Solutions LLC;Ivy Hallward
;Cantrell Drug Company;Noellyn Filde
;Patriot Pharmaceuticals, LLC;Sylvia Pach
;Roberts Oxygen Company, Inc.;Mead McBeth
;Liberty Pharmaceuticals, Inc.;Brenna Johnson
;Shopko Stores Operating Co., LLC.;Catharine Hunter
;Zandi LLC;Alfonso Mainson
;ALDI INC;Misti Dresse
;American Health Packaging;Stefan Jimenez
;Best Sanitizers, Inc;Gabie Rooms
;Kareway Product, Inc.;Brittney Scarce
;E.R. Squibb & Sons, L.L.C.;Kathryne Karpf
;Mylan Institutional Inc.;Ermentrude Shreve
;Virtus Pharmaceuticals;Maryanne Kopman
;Torrent Pharmaceuticals Limited;Erika Greenhow
;Bare Escentuals Beauty, Inc.;Melessa Statham
;REMEDYREPACK INC.;Arny Trewhella
;Parfums Christian Dior;Pansie Veillard
;L Perrigo Company;Morgan Fernely
;E. Fougera & Co. a division of Fougera Pharmaceuticals Inc.;Rob Trowill
;Major Pharmaceuticals;Cyril Gauge
;Walgreen Company;Letitia Kalinsky
;Golden State Medical Supply, Inc.;Orsola Yanyshev
;WalMart Stores Inc;Gwyneth Cosgreave
;Rite Aid Corporation;Dorene Skarin
;U.S. Oxygen and Supply, LLC;Corrie Borkett
;Lake Erie Medical & Surgical Supply DBA Quality Care Products LLC;Grenville Cragg
;SHISEIDO AMERICAS CORPORATION;Orran Vittel
;Meijer Distribution Inc;Chuck Blueman
;Unifirst First Aid Corporation;Francklyn Cellier
;Nelco Laboratories, Inc.;Jaimie Thurston
;Johnson & Johnson Consumer Products Company, Division of Johnson & Johnson Consumer Companies, Inc.;Frederick Reddan
;Deseret Biologicals, Inc.;Eduardo Shaddick
;CVS Pharmacy;Noah Fantonetti
;Nelco Laboratories, Inc.;Byron Tichelaar
;Marlex Pharmaceuticals Inc;Deirdre Mulligan
;Jubilant HollisterStier LLC;Valentijn Scolland
;Walgreen Co;Mateo Yukhnevich
;Teva Pharmaceuticals USA Inc;Audy O' Shea
;Major Pharmaceuticals;Caesar Bohin
;Taro Pharmaceuticals U.S.A., Inc.;Caspar Palffrey
;Lake Erie Medical & Surgical Supply DBA Quality Care Products LLC;Emelita Giovannetti
;Qualitest Pharmaceuticals;Rowland Holmyard
;Goldline Laboratories, Inc.;Donna Littler
;Nelco Laboratories, Inc.;Barbara-anne De Benedetti
;Perrigo Company;Vonnie Jacmard
;E.FOUGERA & CO. A division of Fougera Pharmaceuticals Inc.;Wye Tripp
;Laboratoires Clarins S.A;Pancho MacSorley
;American Regent, Inc.;Ricki Hakey
;Western Family Foods Inc;Sandro Roselli
;Mission Hills S.A de C.V;Dimitry Bawcock
;Aurolife Pharma LLC;Mortimer Mabson
;Genentech, Inc.;Selma Wigmore
;Bath & Body Works, Inc.;Emanuel Galero
;Blaine Labs Inc.;Eirena Legerwood
;Cardinal Health;Jane Wethey
;Sandoz Inc;Cristine Knutsen
;State of Florida DOH Central Pharmacy;Fons Ventris
;Arbor Pharmaceuticals;Yorgos Allicock
;Jubilant HollisterStier LLC;Livy Belward
;AS Medication Solutions LLC;Oswell Linggard
;Freds Inc;Dreddy Haselden
;United Exchange Corp.;Netty Stalman
;Shasta Welding Supply, Inc.;Karee Stallon
;Physicians Total Care, Inc.;Tanny Soutar
;Genentech, Inc.;Verile McMechan
;Piramal Critical Care Inc;Jabez Swafford
;BioActive Nutritional, Inc.;Ariela Rentoll
;Preferred Pharmaceuticals, Inc;Deck Dorrian
;BluePoint Laboratories;Ofilia Cleife
;Vi Jon, Inc;Augustin Uttridge
;H E B;Boone Alasdair
;Unichem Pharmaceuticals (USA), Inc.;Florance Roughsedge
;Mylan Institutional Inc.;Ysabel Donisthorpe
;AnazaoHealth Corporation;Germana Wibberley
;RITE AID;Garland Dudman
;Topco Associates LLC;Gratia Frankish
;Newton Laboratories, Inc.;Lesley Doncom
;ARMY AND AIR FORCE EXCHANGE SERVICE;Iona Labram
;Ipca Laboratories Limited;Torey McGeffen
;Blenheim Pharmacal, Inc.;Tommy de Guerre
;Bryant Ranch Prepack;Bennie Rosthorn
;Parfums Christian Dior;Theresina Usherwood
;Pfizer Laboratories Div Pfizer Inc;Clyde Krysiak
;Dispensing Solutions, Inc.;Ambros Kubyszek
;Medline Industries, Inc.;Crystie Tichelaar
;Church & Dwight Co., Inc.;Gottfried Seeds
;BrandStorm HBC;Chaddie Lebell
;HyVee Inc;Frederica Bouette
;UNITED EXCHANGE CORP.;Vikki Beadel
;Procter & Gamble Manufacturing Company;Tate Butson
;American Health Packaging;Nonnah Wiltshaw
;Mylan Pharmaceuticals Inc.;Tiebout Ginity
;Keltman Pharmaceuticals Inc.;Hugibert Huggett
;Bryant Ranch Prepack;Emmye Fenty
;REMEDYREPACK INC.;Georgette Wedgbrow
;Dr. Waltons, Incorporated;Peria Buckmaster
;Reckitt Benckiser LLC;Thaddus Tough
;Eagle Distributors,Inc.;Marylynne Chorley
;Lake Erie Medical DBA Quality Care Products LLC;Horatius Bebbell
;Mylan Institutional LLC;Leontyne Purkins
;Amneal Pharmaceuticals;Banky Stocken
;Meijer Distribution Inc;Livia Romer
;Forest Laboratories, Inc.;Jilli Brennans
;Specialty Gases of America;Weylin Hanselmann
;Dr. Reddys Laboratories Limited;Harp Beringer
;Enzymatic Therapy, LLC;Ketti Nuzzi
;Moore Medical LLC;Brandtr Riseborough
;WALGREENS Co;Blythe Tallowin
;Rite Aid;Tommy Comizzoli
;Lessors, Incorporated;Morris Lazenbury
;Sun Pharmaceutical Industries Limited;Andee Lemmon
;Northstar Rx LLC;Lurette Sinney
;REMEDYREPACK INC.;Ines Yvon
;SJ Creations, Inc.;Ogden Trevascus
;Sandoz Inc;Packston Darlison
;Jubilant HollisterStier LLC;Tuck Mardell
;Monarch Pharmaceuticals, Inc;Lorelle Weatherall
;PUR MINERALS;Luis Wysome
;R3 Pharmaceuticals, LLC;Ravid Charnick
;Physicians Total Care, Inc.;Abagael Brooker
;Woori Health Promotion Town;Alphonse Nansom
;Lehigh Valley Technologies, Inc.;Archy Tremethack
;Jubilant Cadista Pharmaceuticals Inc.;Samuele Gorke
;McKesson (Sunmark);Christy Parmer
;Kmart Corporation;Michel Leverentz
;Cardinal Health;Cirilo Sleeny
;AbbVie Inc.;Quinton Danniell
;Family Dollar;Linda Hindenberger
;ALKAbello, Inc.;Aloisia Hovenden
;Mutual Pharmaceutical Company, Inc.;Rebeca Kilborn
;AMOREPACIFIC;Torey Jarmain
;Alcon Laboratories, Inc.;Petrina Kettlestringe
;Aidarex Pharmaceuticals LLC;Dallis Clyma
;L. Perrigo Company;Enos Courtonne
;Major Pharmaceuticals;Fabe Nowland
;APOLLO HEALTH AND BEAUTY CARE;Kyla Londer
;ANASTASIA MARIE LABORATORIES, INC.;Allix Barfitt
;GM Pharmaceuticals, Inc.;Iver Fragino
;Teva Pharmaceuticals USA Inc;Abdul Olechnowicz
;TriCoastal Design Company Inc.;Ikey Borrie
;Nelco Laboratories, Inc.;Yoshiko Llywarch
;SHISEIDO CO., LTD.;Neile Maccaddie
;Mylan Pharmaceuticals Inc.;Willdon Hairon
;Kay Chemical Co.;Doroteya M'Chirrie
;PHARMAKON, LLC;Kingston Northover
;Contract Pharmacal Corporation;Boothe Prestner
;Apotheca Company;Caryl Longthorn
;Aphena Pharma Solutions  Tennessee, LLC;Bernadene Durrell
;Clinical Solutions Wholesale;Darla Lattimer
;RedPharm Drug Inc.;Jannel Fransinelli
;SHISEIDO CO., LTD.;Sebastiano Wordington
;Conopco Inc. d/b/a Unilever;Rosabelle Deniso
;Ross Healthcare Inc.;Ingaborg Paxforde
;American Sales Company;Catharine McLagan
;Mylan Institutional Inc.;Raymond Rasor
;Contract Pharmacy ServicesPA;Jaimie Sallings
;WestWard Pharmaceutical Corp;Lolly Vaskin
;State of Florida DOH Central Pharmacy;Thibaud Veare
;Beiersdorf Inc;Janeczka Hull
;CRC (Cosmoceutical Research Center);Kirk Randles
;Ecolab Inc.;Lonna Barlee
;Deseret Biologicals;Lira Beecker
;Allermed Laboratories, Inc.;Lin Teape
;Columbia Cosmetics Manufacturing, Inc.;Morgan Burchess
;E. FOUGERA & CO. A division of Fougera Pharmaceuticals Inc.;Ingelbert Wannell
;CVS PHARMACY;Adham Dunbavin
;Physicians Total Care, Inc.;Jonis Mollin
;Henry Thayer Company;Haily Gush
;Fresenius Kabi USA, LLC;Gradeigh Pantlin
;Blue Cross Laboratories;Etti Dimberline
;KAS Direct LLC dba BabyGanics;Arabele Vaskov
;AMOREPACIFIC;Abraham McKerrow
;Bath & Body Works, Inc.;Bibbie Caurah
;Western Family Foods Inc;Arly Killgus
;Rebel Distributors Corp;Eli Tonge
;Prasco Laboratories;Elbertine Saunton
;EQUATE (Walmart Stores, Inc.);Dorothea Dodshon
;HOMEOLAB USA INC;Justus Frake
;Perrigo New York Inc;Milena Maillard
;Ventura Corporation LTD.;Ashely Maso
;REMEDYREPACK INC.;Judas Dowdney
;LUBASBIO CO., LTD;Alistair McArtan
;Supervalu Inc;Reg Jodrellec
;GlaxoSmithKline Consumer Healthcare LP;Ingemar Goult
;Prime Packaging, Inc.;Thorsten Danilishin
;Apothecca Company;Andreas Siviter
;Mylan Institutional Inc.;Maximilian Smolan
;Cardinal Health;Eustacia Kerman
;AvKARE, Inc.;Codie Clamp
;Cardinal Health;Joshua Keitley
;Deseret Biologicals;Hansiain Dyhouse
;Kmart Corporation;Sally Batcheldor
;MAKEUP ART COSMETICS;Gerti Gillman
;TYA Pharmaceuticals;Kimbell Yurygyn
;Kroger Company;Jesse Spain-Gower
;Ventura Corporation LTD.;Aurelie Dooland
;KANEBO COSMETICS INC;Egbert Cunde
;Walgreen Company;Cally Tommasi
;Eli Lilly and Company;Colby Quartermain
;Cardinal Health;Garrick McGuinley
;Bausch & Lomb Incorporated;Krisha Sarfass
;GlaxoSmithKline Biologicals SA;Cynde Rump
;American Health Packaging;Lindi Eidler
;Wise Consumer Products;Judas Luetkemeyers
;AlvaAmco Pharmacal Companies, Inc.;Nicolais Ingraham
;Publix Super Markets Inc;Florenza Eighteen
;Blenheim Pharmacal, Inc.;Viva Lindblad
;Aidarex Pharmaceuticals LLC;Annabel Oakenford
;Uriel Pharmacy Inc.;Drusie Echallier
;Cellinbio Co Ltd;Sherlock Keam
;Clinical Solutions Wholesale;Karon Commusso
;SHISEIDO CO., LTD.;Garreth Seage
;ALKAbello, Inc.;Clyde Kiss
;Cardinal Health;Wallie Charters
;Westward Pharmaceutical Corp;Roman Churchley
;Teva Pharmaceuticals USA Inc;Idalina Pyburn
;TARGET Corporation;Jay Spadoni
;Merz Pharmaceuticals, LLC;Sharity Swynley
;REMEDYREPACK INC.;Moss Fernier
;REMEDYREPACK INC.;Barn McGarel
;American Health Packaging;Victor Mancell
;Arbor Pharmaceuticals;Meryl St. Quentin
;Church & Dwight Co., Inc.;Salem Grigorey
;TONYMOLY CO., LTD.;Lonnie Goroni
;Antigen Laboratories, Inc.;Missy Lowrance
;Cardinal Health;Lovell Sarch
;UCB, Inc.;Virgil Satford
;Aphena Pharma Solutions  Tennessee, LLC;Celestina Nicklen
;WalMart Stores Inc;Chariot Matthiae
;Fischer Pharmaceuticals Ltd;Rona Labrone
;Zydus Pharmaceuticals (USA) Inc.;Juline Millin
;Aurolife Pharma, LLC;Monique Bodd
;Jets, Sets, & Elephants Beauty Corp.;Lulita Covert
;Topco Associates LLC;Guthrie Odda
;Clinical Solutions Wholesale;Ximenes Paulton
;Physicians Total Care, Inc.;Giacobo Stirton
;Cardinal Health;Tomasina Leathem
;Boehringer Ingelheim Pharmaceuticals, Inc.;Carlotta Fish
;American Health Packaging;Kenneth Cominotti
;Lake Erie Medical DBA Quality Care Products LLC;Leonhard Riepel
;Rite Aid;Sanford Halloran
;Poly Pharmaceuticals, Inc.;Chiquia Cockshut
;GANZ U.S.A., LLC;Krystal Perigo
;Medtech Products Inc.;Benita Breach
;7Eleven;Chelsy Ivanitsa
;Uriel Pharmacy Inc.;Mallory Crudgington
;PDRx Pharmaceuticals, Inc.;Kincaid Kimmons
;Major Pharmaceuticals;Adrien Spohrmann
;Neutrogena Corporation;Terrence Dobie
;STAT RX USA LLC;Timmy Roadknight
;Mylan Institutional LLC;Blakelee Aleswell
;REMEDYREPACK INC.;Lion Revans
;Kroger Company;Gertrudis Hemeret
;Ventura Corporation (San Juan, P.R);Angelia Bavage
;Prime Packaging, Inc.;Erick Dovydenas
;Valu Merchandisers Company;Kial Selwin
;Sandoz Inc;Desiri Asch
;Hospira, Inc.;Charlot MacAdam
;Swiss American Products, Inc.;Vanda Mercey
;Uriel Pharmacy Inc.;Bary Flode
;Citron Pharma LLC;Jack Somerton
;Chain Drug Marketing Association;Cully Bellenie
;CLINIQUE LABORATORIES INC.;Somerset Gittus
;Rodan & Fields;Sisely Bercevelo
;Antigen Laboratories, Inc.;Jaine Bickerdicke
;SHISEIDO AMERICAS CORPORATION;Huntley Traske
;Wockhardt USA LLC.;Agustin Fleay
;TYA Pharmaceuticals;Rani Arnott
;Nidaria Technology Ltd.;Aloysius Malinson
;Wyeth BioPharma Division of Wyeth Pharmaceuticals Inc., a subsidiary of Pfizer Inc.;Reese McDonell
;Cardinal Health;Torrie Jepp
;WALMART STORES INC.;Whitby Kellogg
;Indiana Botanic Gardens;Linea Pettingall
;Taro Pharmaceuticals U.S.A., Inc.;Lani Pedlow
;Newton Laboratories, Inc.;Ewart McGebenay
;Shaklee Corporation;Gaynor McKinnell
;DZA Brands LLC;Brenda Fraczak
;Healthy Accents (DZA Brands, LLC);Garner Jurisch
;Lake Erie Medical DBA Quality Care Products LLC;Dorita Lancley
;Apotheca, Inc.;Dilly Degenhardt
;Aphena Pharma Solutions  Tennessee, LLC;Carlie Bushaway
;SJ Creations, Inc.;Adrea Johnstone
;ALKAbello, Inc.;Amalee Musker
;Publix Super Markets Inc;Rice Hearmon
;Cardinal Health;Bibbye Penkman
;Forces of Nature;Sheff Carlisi
;Biogen Idec MA Inc.;Xever Dessaur
;Cadila Healthcare Limited;Jeno Kippax
;Procter & Gamble Manufacturing Co.;Elladine O'Farris
;Proficient Rx LP;Gerome Casewell
;Richmond Pharmaceuticals, Inc.;Toinette Jozefiak
;TopCo Associates, LLC;Michaelina Chittem
;Washington Homeopathic Products;Stanly Shernock
;Jafra Cosmetics International Inc;Amy Dymoke
;CVS Pharmacy;Emalee Whye
;Preferred Plus (Kinray);Dell Schofield
;Conopco Inc. d/b/a Unilever;Benedikt Stoffels
;MEGASOL COSMETIC GMBH;Kingsley Meachan
;Allergy Laboratories, Inc.;Geneva Killeley
;DZA BRANDS LLC;Bonni O'Lunney
;Nelco Laboratories, Inc.;Kaylyn Woloschinski
;Baxter Healthcare Corporation;Bendick Rosenbush
;Navarro Discount Pharmacies, LLC;Gael Tallet
;Morton Grove Pharmaceuticals, Inc.;Cyb Buff
;Major Pharmaceuticals;Maury Degnen
;Select Brand Distributors;Jena Josipovitz
;Weimei Lianyungang Household Articles manufacturing, Co. LTD;Alex Borchardt
;ViJon;Constantia Doghartie
;VITALIFE INC DBA TABAK'S HEALTH PRODUCTS;Newton Purchase
;Merck Sharp & Dohme Corp.;Coriss Offa
;AS Medication Solutions LLC;Bliss Boyse
;Physicians Total Care, Inc.;Pip Tarbin
;Cardinal Health;Auberta Sherwyn
;Safeway;Lorenza Lever
;Aurobindo Pharma Limited;Celeste Nuschke
;B4 Ventures LLC;Margi Semmens
;Accord Healthcare Inc.;Stephan Oguz
;Nelco Laboratories, Inc.;Benedicto Gracey
;REMEDYREPACK INC.;Gerrard Clemenzi
;Antigen Laboratories, Inc.;Vinny Leipoldt
;NCS HealthCare of KY, Inc dba Vangard Labs;Caldwell Deguara
;Nelco Laboratories, Inc.;Mag Avramchik
;Nexgen Pharma, Inc.;Karlens Bramstom
;L Perrigo Company;Lew Pooley
;American Health Distributions Inc.;Garv Blanket
;Acella Pharmaceuticals, LLC;Laurel Yegorev
;H.J. Harkins Company, Inc.;Moritz Parmenter
;REMEDYREPACK INC.;Maurizia Faulks
;State of Florida DOH Central Pharmacy;Engracia Godbold
;Tris Pharma, Inc.;Mathe Bridgwater
;Detroit Oxygen & Medical Equipment Co.;Debby Snozzwell
;Crumpton Welding Supply & Equipment, Inc;Gerianna Ducker
;WalMart Stores, Inc.;Gypsy Elion
;GlaxoSmithKline Consumer Healthcare LP;Karleen Enevoldsen
;Teva Parenteral Medicines, Inc.;Thalia Poolman
;Cardinal Health;Odille Wrightson
;Actavis Elizabeth LLC;Alisa Turbat
;Aidarex Pharmaceuticals LLC;Darsey Burchmore
